metro_nonmetro,year,county_name,state_abbr,geoId,value
Metropolitan,2004,"Allegheny County",PA,us-pa-003,0.21600012731353
Metropolitan,2004,"Armstrong County",PA,us-pa-005,0.26300321614728
Metropolitan,2004,"Beaver County",PA,us-pa-007,0.21200053593759
Metropolitan,2004,"Berks County",PA,us-pa-011,0.22900037673801
Metropolitan,2004,"Blair County",PA,us-pa-013,0.2020003984022
Metropolitan,2004,"Bucks County",PA,us-pa-017,0.19600016918251
Metropolitan,2004,"Butler County",PA,us-pa-019,0.23600012153991
Metropolitan,2004,"Cambria County",PA,us-pa-021,0.22600163820361
Metropolitan,2004,"Carbon County",PA,us-pa-025,0.19900315809827
Metropolitan,2004,"Centre County",PA,us-pa-027,0.21000167844688
Metropolitan,2004,"Chester County",PA,us-pa-029,0.17000041984298
Metropolitan,2004,"Cumberland County",PA,us-pa-041,0.23500060117831
Metropolitan,2004,"Dauphin County",PA,us-pa-043,0.21800113147529
Metropolitan,2004,"Delaware County",PA,us-pa-045,0.22300038712726
Metropolitan,2004,"Erie County",PA,us-pa-049,0.23700024978328
Metropolitan,2004,"Fayette County",PA,us-pa-051,0.24600175510862
Metropolitan,2004,"Lackawanna County",PA,us-pa-069,0.21300083314398
Metropolitan,2004,"Lancaster County",PA,us-pa-071,0.21800048383752
Metropolitan,2004,"Lebanon County",PA,us-pa-075,0.22100081146876
Metropolitan,2004,"Lehigh County",PA,us-pa-077,0.2380000752543
Metropolitan,2004,"Luzerne County",PA,us-pa-079,0.23100086872264
Metropolitan,2004,"Lycoming County",PA,us-pa-081,0.23400214774204
Metropolitan,2004,"Mercer County",PA,us-pa-085,0.22900108381503
Metropolitan,2004,"Montgomery County",PA,us-pa-091,0.17300018750843
Metropolitan,2004,"Northampton County",PA,us-pa-095,0.24100086957353
Metropolitan,2004,"Perry County",PA,us-pa-099,0.24200550290431
Metropolitan,2004,"Philadelphia County",PA,us-pa-101,0.25700023860654
Metropolitan,2004,"Pike County",PA,us-pa-103,0.19300135970651
Metropolitan,2004,"Washington County",PA,us-pa-125,0.23200118489516
Metropolitan,2004,"Westmoreland County",PA,us-pa-129,0.25300076221141
Metropolitan,2004,"Wyoming County",PA,us-pa-131,0.20700698757764
Metropolitan,2004,"York County",PA,us-pa-133,0.23300008122597
Metropolitan,2005,"Allegheny County",PA,us-pa-003,0.22700019058102
Metropolitan,2005,"Armstrong County",PA,us-pa-005,0.23600134208172
Metropolitan,2005,"Beaver County",PA,us-pa-007,0.21000089466778
Metropolitan,2005,"Berks County",PA,us-pa-011,0.27200050248977
Metropolitan,2005,"Blair County",PA,us-pa-013,0.275
Metropolitan,2005,"Bucks County",PA,us-pa-017,0.2020002030663
Metropolitan,2005,"Butler County",PA,us-pa-019,0.24
Metropolitan,2005,"Cambria County",PA,us-pa-021,0.25
Metropolitan,2005,"Carbon County",PA,us-pa-025,0.19300318612453
Metropolitan,2005,"Centre County",PA,us-pa-027,0.25100170661126
Metropolitan,2005,"Chester County",PA,us-pa-029,0.17300050190428
Metropolitan,2005,"Cumberland County",PA,us-pa-041,0.22900078967837
Metropolitan,2005,"Dauphin County",PA,us-pa-043,0.25600119676659
Metropolitan,2005,"Delaware County",PA,us-pa-045,0.22900030731872
Metropolitan,2005,"Erie County",PA,us-pa-049,0.24000039257445
Metropolitan,2005,"Fayette County",PA,us-pa-051,0.3100009854953
Metropolitan,2005,"Lackawanna County",PA,us-pa-069,0.24500015767399
Metropolitan,2005,"Lancaster County",PA,us-pa-071,0.2470005789232
Metropolitan,2005,"Lebanon County",PA,us-pa-075,0.24700098539051
Metropolitan,2005,"Lehigh County",PA,us-pa-077,0.22500082560021
Metropolitan,2005,"Luzerne County",PA,us-pa-079,0.25700054693404
Metropolitan,2005,"Lycoming County",PA,us-pa-081,0.23200145007987
Metropolitan,2005,"Mercer County",PA,us-pa-085,0.258000090269
Metropolitan,2005,"Montgomery County",PA,us-pa-091,0.20700025808536
Metropolitan,2005,"Northampton County",PA,us-pa-095,0.24800015075424
Metropolitan,2005,"Perry County",PA,us-pa-099,0.24200248643076
Metropolitan,2005,"Philadelphia County",PA,us-pa-101,0.28300011618829
Metropolitan,2005,"Pike County",PA,us-pa-103,0.20200083572991
Metropolitan,2005,"Washington County",PA,us-pa-125,0.28800102118969
Metropolitan,2005,"Westmoreland County",PA,us-pa-129,0.26900013499208
Metropolitan,2005,"Wyoming County",PA,us-pa-131,0.23700231928875
Metropolitan,2005,"York County",PA,us-pa-133,0.27100064326593
Metropolitan,2006,"Allegheny County",PA,us-pa-003,0.22900008278795
Metropolitan,2006,"Armstrong County",PA,us-pa-005,0.22000186410663
Metropolitan,2006,"Beaver County",PA,us-pa-007,0.25100035284491
Metropolitan,2006,"Berks County",PA,us-pa-011,0.24500034385531
Metropolitan,2006,"Blair County",PA,us-pa-013,0.25
Metropolitan,2006,"Bucks County",PA,us-pa-017,0.19400005672261
Metropolitan,2006,"Butler County",PA,us-pa-019,0.24800077437417
Metropolitan,2006,"Cambria County",PA,us-pa-021,0.27900241779069
Metropolitan,2006,"Carbon County",PA,us-pa-025,0.2380020404339
Metropolitan,2006,"Centre County",PA,us-pa-027,0.22500068522562
Metropolitan,2006,"Chester County",PA,us-pa-029,0.17900010678303
Metropolitan,2006,"Cumberland County",PA,us-pa-041,0.25
Metropolitan,2006,"Dauphin County",PA,us-pa-043,0.25100015917653
Metropolitan,2006,"Delaware County",PA,us-pa-045,0.22800008036042
Metropolitan,2006,"Erie County",PA,us-pa-049,0.24100093996406
Metropolitan,2006,"Fayette County",PA,us-pa-051,0.3090015603422
Metropolitan,2006,"Lackawanna County",PA,us-pa-069,0.21800086760259
Metropolitan,2006,"Lancaster County",PA,us-pa-071,0.25900007051689
Metropolitan,2006,"Lebanon County",PA,us-pa-075,0.28000210837023
Metropolitan,2006,"Lehigh County",PA,us-pa-077,0.23700090393088
Metropolitan,2006,"Luzerne County",PA,us-pa-079,0.26500043723948
Metropolitan,2006,"Lycoming County",PA,us-pa-081,0.21800056641178
Metropolitan,2006,"Mercer County",PA,us-pa-085,0.25900292722776
Metropolitan,2006,"Montgomery County",PA,us-pa-091,0.21400035921607
Metropolitan,2006,"Northampton County",PA,us-pa-095,0.27400091763103
Metropolitan,2006,"Perry County",PA,us-pa-099,0.22500075050284
Metropolitan,2006,"Philadelphia County",PA,us-pa-101,0.29300002517141
Metropolitan,2006,"Pike County",PA,us-pa-103,0.2400047092065
Metropolitan,2006,"Washington County",PA,us-pa-125,0.2700001271666
Metropolitan,2006,"Westmoreland County",PA,us-pa-129,0.24300035918391
Metropolitan,2006,"Wyoming County",PA,us-pa-131,0.24000771418929
Metropolitan,2006,"York County",PA,us-pa-133,0.26000032418589
Metropolitan,2007,"Allegheny County",PA,us-pa-003,0.26400004318419
Metropolitan,2007,"Armstrong County",PA,us-pa-005,0.23800108190789
Metropolitan,2007,"Beaver County",PA,us-pa-007,0.26900005255374
Metropolitan,2007,"Berks County",PA,us-pa-011,0.28100018400769
Metropolitan,2007,"Blair County",PA,us-pa-013,0.32600073641576
Metropolitan,2007,"Bucks County",PA,us-pa-017,0.22800047708372
Metropolitan,2007,"Butler County",PA,us-pa-019,0.24700039229909
Metropolitan,2007,"Cambria County",PA,us-pa-021,0.29900003564935
Metropolitan,2007,"Carbon County",PA,us-pa-025,0.27600081699346
Metropolitan,2007,"Centre County",PA,us-pa-027,0.25500050164631
Metropolitan,2007,"Chester County",PA,us-pa-029,0.22800057969861
Metropolitan,2007,"Cumberland County",PA,us-pa-041,0.20900078933928
Metropolitan,2007,"Dauphin County",PA,us-pa-043,0.30800071651353
Metropolitan,2007,"Delaware County",PA,us-pa-045,0.27100015504729
Metropolitan,2007,"Erie County",PA,us-pa-049,0.26800064327172
Metropolitan,2007,"Fayette County",PA,us-pa-051,0.31500044830987
Metropolitan,2007,"Lackawanna County",PA,us-pa-069,0.23000062684135
Metropolitan,2007,"Lancaster County",PA,us-pa-071,0.25900021717461
Metropolitan,2007,"Lebanon County",PA,us-pa-075,0.27000135584735
Metropolitan,2007,"Lehigh County",PA,us-pa-077,0.25100048216008
Metropolitan,2007,"Luzerne County",PA,us-pa-079,0.27400066622252
Metropolitan,2007,"Lycoming County",PA,us-pa-081,0.24800099667022
Metropolitan,2007,"Mercer County",PA,us-pa-085,0.26500011342241
Metropolitan,2007,"Montgomery County",PA,us-pa-091,0.21500033946872
Metropolitan,2007,"Northampton County",PA,us-pa-095,0.25600091459929
Metropolitan,2007,"Perry County",PA,us-pa-099,0.25
Metropolitan,2007,"Philadelphia County",PA,us-pa-101,0.29300012218561
Metropolitan,2007,"Pike County",PA,us-pa-103,0.27600364963504
Metropolitan,2007,"Washington County",PA,us-pa-125,0.30300034850933
Metropolitan,2007,"Westmoreland County",PA,us-pa-129,0.23100046737576
Metropolitan,2007,"Wyoming County",PA,us-pa-131,0.29600961538462
Metropolitan,2007,"York County",PA,us-pa-133,0.30200047896543
Metropolitan,2008,"Allegheny County",PA,us-pa-003,0.27400007327444
Metropolitan,2008,"Armstrong County",PA,us-pa-005,0.27700458938099
Metropolitan,2008,"Beaver County",PA,us-pa-007,0.26900078974089
Metropolitan,2008,"Berks County",PA,us-pa-011,0.28800013545776
Metropolitan,2008,"Blair County",PA,us-pa-013,0.2800021028283
Metropolitan,2008,"Bucks County",PA,us-pa-017,0.23700044361942
Metropolitan,2008,"Butler County",PA,us-pa-019,0.22500128358406
Metropolitan,2008,"Cambria County",PA,us-pa-021,0.30400150022771
Metropolitan,2008,"Carbon County",PA,us-pa-025,0.26000121656968
Metropolitan,2008,"Centre County",PA,us-pa-027,0.27200101102194
Metropolitan,2008,"Chester County",PA,us-pa-029,0.21400010052328
Metropolitan,2008,"Cumberland County",PA,us-pa-041,0.26100071986014
Metropolitan,2008,"Dauphin County",PA,us-pa-043,0.30100116951704
Metropolitan,2008,"Delaware County",PA,us-pa-045,0.24200058802717
Metropolitan,2008,"Erie County",PA,us-pa-049,0.31900111106259
Metropolitan,2008,"Fayette County",PA,us-pa-051,0.34300119315684
Metropolitan,2008,"Lackawanna County",PA,us-pa-069,0.26000100166527
Metropolitan,2008,"Lancaster County",PA,us-pa-071,0.28500035794726
Metropolitan,2008,"Lebanon County",PA,us-pa-075,0.24900174372414
Metropolitan,2008,"Lehigh County",PA,us-pa-077,0.25700086739931
Metropolitan,2008,"Luzerne County",PA,us-pa-079,0.28600110571187
Metropolitan,2008,"Lycoming County",PA,us-pa-081,0.22900011323746
Metropolitan,2008,"Mercer County",PA,us-pa-085,0.27700301102533
Metropolitan,2008,"Montgomery County",PA,us-pa-091,0.24300017644434
Metropolitan,2008,"Northampton County",PA,us-pa-095,0.31500009062404
Metropolitan,2008,"Perry County",PA,us-pa-099,0.27800253964504
Metropolitan,2008,"Philadelphia County",PA,us-pa-101,0.31200006196279
Metropolitan,2008,"Pike County",PA,us-pa-103,0.281003838729
Metropolitan,2008,"Washington County",PA,us-pa-125,0.31600052879743
Metropolitan,2008,"Westmoreland County",PA,us-pa-129,0.22800035470427
Metropolitan,2008,"Wyoming County",PA,us-pa-131,0.25700038358266
Metropolitan,2008,"York County",PA,us-pa-133,0.28600055996502
Metropolitan,2009,"Allegheny County",PA,us-pa-003,0.26700026247026
Metropolitan,2009,"Armstrong County",PA,us-pa-005,0.26100472993592
Metropolitan,2009,"Beaver County",PA,us-pa-007,0.27200186865186
Metropolitan,2009,"Berks County",PA,us-pa-011,0.27700032372063
Metropolitan,2009,"Blair County",PA,us-pa-013,0.32400262426193
Metropolitan,2009,"Bucks County",PA,us-pa-017,0.23600040961922
Metropolitan,2009,"Butler County",PA,us-pa-019,0.22400005805178
Metropolitan,2009,"Cambria County",PA,us-pa-021,0.34600104265914
Metropolitan,2009,"Carbon County",PA,us-pa-025,0.24100010163635
Metropolitan,2009,"Centre County",PA,us-pa-027,0.23700170970935
Metropolitan,2009,"Chester County",PA,us-pa-029,0.20600050978567
Metropolitan,2009,"Cumberland County",PA,us-pa-041,0.27700074625178
Metropolitan,2009,"Dauphin County",PA,us-pa-043,0.28000123940054
Metropolitan,2009,"Delaware County",PA,us-pa-045,0.2620002885008
Metropolitan,2009,"Erie County",PA,us-pa-049,0.26900065619331
Metropolitan,2009,"Fayette County",PA,us-pa-051,0.34100196623869
Metropolitan,2009,"Lackawanna County",PA,us-pa-069,0.22700054094174
Metropolitan,2009,"Lancaster County",PA,us-pa-071,0.28600057725087
Metropolitan,2009,"Lebanon County",PA,us-pa-075,0.2890028197898
Metropolitan,2009,"Lehigh County",PA,us-pa-077,0.24700096774831
Metropolitan,2009,"Luzerne County",PA,us-pa-079,0.29200089774815
Metropolitan,2009,"Lycoming County",PA,us-pa-081,0.27200117159337
Metropolitan,2009,"Mercer County",PA,us-pa-085,0.26100228365523
Metropolitan,2009,"Montgomery County",PA,us-pa-091,0.24500010270244
Metropolitan,2009,"Northampton County",PA,us-pa-095,0.26200110231351
Metropolitan,2009,"Perry County",PA,us-pa-099,0.2540042397833
Metropolitan,2009,"Philadelphia County",PA,us-pa-101,0.3130002518658
Metropolitan,2009,"Pike County",PA,us-pa-103,0.26400052563569
Metropolitan,2009,"Washington County",PA,us-pa-125,0.30100020180617
Metropolitan,2009,"Westmoreland County",PA,us-pa-129,0.26500053212246
Metropolitan,2009,"Wyoming County",PA,us-pa-131,0.26300004837227
Metropolitan,2009,"York County",PA,us-pa-133,0.31900037327595
Metropolitan,2010,"Allegheny County",PA,us-pa-003,0.29000029521291
Metropolitan,2010,"Armstrong County",PA,us-pa-005,0.31800413456117
Metropolitan,2010,"Beaver County",PA,us-pa-007,0.28800145823523
Metropolitan,2010,"Berks County",PA,us-pa-011,0.2740002128622
Metropolitan,2010,"Blair County",PA,us-pa-013,0.3
Metropolitan,2010,"Bucks County",PA,us-pa-017,0.22200022650686
Metropolitan,2010,"Butler County",PA,us-pa-019,0.26000073038016
Metropolitan,2010,"Cambria County",PA,us-pa-021,0.35400066178378
Metropolitan,2010,"Carbon County",PA,us-pa-025,0.27800063547542
Metropolitan,2010,"Centre County",PA,us-pa-027,0.23300018602134
Metropolitan,2010,"Chester County",PA,us-pa-029,0.18500034447124
Metropolitan,2010,"Cumberland County",PA,us-pa-041,0.24500033479901
Metropolitan,2010,"Dauphin County",PA,us-pa-043,0.32900064138539
Metropolitan,2010,"Delaware County",PA,us-pa-045,0.25700011221647
Metropolitan,2010,"Erie County",PA,us-pa-049,0.26600083992643
Metropolitan,2010,"Fayette County",PA,us-pa-051,0.34800124538876
Metropolitan,2010,"Lackawanna County",PA,us-pa-069,0.234
Metropolitan,2010,"Lancaster County",PA,us-pa-071,0.28600064335523
Metropolitan,2010,"Lebanon County",PA,us-pa-075,0.29800281011642
Metropolitan,2010,"Lehigh County",PA,us-pa-077,0.29300031360949
Metropolitan,2010,"Luzerne County",PA,us-pa-079,0.30000080923826
Metropolitan,2010,"Lycoming County",PA,us-pa-081,0.30900077318415
Metropolitan,2010,"Mercer County",PA,us-pa-085,0.27800131851145
Metropolitan,2010,"Montgomery County",PA,us-pa-091,0.24200025715397
Metropolitan,2010,"Northampton County",PA,us-pa-095,0.28600102149622
Metropolitan,2010,"Perry County",PA,us-pa-099,0.28000701405734
Metropolitan,2010,"Philadelphia County",PA,us-pa-101,0.31500025731256
Metropolitan,2010,"Pike County",PA,us-pa-103,0.26200206689215
Metropolitan,2010,"Washington County",PA,us-pa-125,0.25
Metropolitan,2010,"Westmoreland County",PA,us-pa-129,0.28600015501363
Metropolitan,2010,"Wyoming County",PA,us-pa-131,0.256
Metropolitan,2010,"York County",PA,us-pa-133,0.32000012401063
Metropolitan,2011,"Allegheny County",PA,us-pa-003,0.29100022693271
Metropolitan,2011,"Armstrong County",PA,us-pa-005,0.29800255312758
Metropolitan,2011,"Beaver County",PA,us-pa-007,0.27900175768228
Metropolitan,2011,"Berks County",PA,us-pa-011,0.26400074145424
Metropolitan,2011,"Blair County",PA,us-pa-013,0.29800218543183
Metropolitan,2011,"Bucks County",PA,us-pa-017,0.24
Metropolitan,2011,"Butler County",PA,us-pa-019,0.26100081607892
Metropolitan,2011,"Cambria County",PA,us-pa-021,0.31400014459225
Metropolitan,2011,"Carbon County",PA,us-pa-025,0.25700001976011
Metropolitan,2011,"Centre County",PA,us-pa-027,0.25100168131896
Metropolitan,2011,"Chester County",PA,us-pa-029,0.22100051967944
Metropolitan,2011,"Cumberland County",PA,us-pa-041,0.24200106652446
Metropolitan,2011,"Dauphin County",PA,us-pa-043,0.31200039818824
Metropolitan,2011,"Delaware County",PA,us-pa-045,0.29700045539891
Metropolitan,2011,"Erie County",PA,us-pa-049,0.27200103885111
Metropolitan,2011,"Fayette County",PA,us-pa-051,0.31500122528229
Metropolitan,2011,"Lackawanna County",PA,us-pa-069,0.24500048538977
Metropolitan,2011,"Lancaster County",PA,us-pa-071,0.29400046840503
Metropolitan,2011,"Lebanon County",PA,us-pa-075,0.27900263773453
Metropolitan,2011,"Lehigh County",PA,us-pa-077,0.30000076436237
Metropolitan,2011,"Luzerne County",PA,us-pa-079,0.30000080799593
Metropolitan,2011,"Lycoming County",PA,us-pa-081,0.31800218426653
Metropolitan,2011,"Mercer County",PA,us-pa-085,0.25500131238089
Metropolitan,2011,"Montgomery County",PA,us-pa-091,0.24400001988806
Metropolitan,2011,"Northampton County",PA,us-pa-095,0.2980010063991
Metropolitan,2011,"Perry County",PA,us-pa-099,0.2880016392003
Metropolitan,2011,"Philadelphia County",PA,us-pa-101,0.31000007893622
Metropolitan,2011,"Pike County",PA,us-pa-103,0.29000529795223
Metropolitan,2011,"Washington County",PA,us-pa-125,0.25100045020259
Metropolitan,2011,"Westmoreland County",PA,us-pa-129,0.29600056354895
Metropolitan,2011,"Wyoming County",PA,us-pa-131,0.27300829000984
Metropolitan,2011,"York County",PA,us-pa-133,0.30900042243923
Metropolitan,2012,"Allegheny County",PA,us-pa-003,0.31200008337372
Metropolitan,2012,"Armstrong County",PA,us-pa-005,0.27600396535922
Metropolitan,2012,"Beaver County",PA,us-pa-007,0.30100061878386
Metropolitan,2012,"Berks County",PA,us-pa-011,0.29400062476366
Metropolitan,2012,"Blair County",PA,us-pa-013,0.28800123222262
Metropolitan,2012,"Bucks County",PA,us-pa-017,0.29200043173415
Metropolitan,2012,"Butler County",PA,us-pa-019,0.31000100426094
Metropolitan,2012,"Cambria County",PA,us-pa-021,0.31600206958527
Metropolitan,2012,"Carbon County",PA,us-pa-025,0.26200095057034
Metropolitan,2012,"Centre County",PA,us-pa-027,0.28500083375021
Metropolitan,2012,"Chester County",PA,us-pa-029,0.27000067746088
Metropolitan,2012,"Cumberland County",PA,us-pa-041,0.25800072509146
Metropolitan,2012,"Dauphin County",PA,us-pa-043,0.31000019771051
Metropolitan,2012,"Delaware County",PA,us-pa-045,0.29800060865743
Metropolitan,2012,"Erie County",PA,us-pa-049,0.28100014886026
Metropolitan,2012,"Fayette County",PA,us-pa-051,0.28200009416639
Metropolitan,2012,"Lackawanna County",PA,us-pa-069,0.25600009709386
Metropolitan,2012,"Lancaster County",PA,us-pa-071,0.29200003132431
Metropolitan,2012,"Lebanon County",PA,us-pa-075,0.25200245846386
Metropolitan,2012,"Lehigh County",PA,us-pa-077,0.33700051302514
Metropolitan,2012,"Luzerne County",PA,us-pa-079,0.32900123621301
Metropolitan,2012,"Lycoming County",PA,us-pa-081,0.29400169280114
Metropolitan,2012,"Mercer County",PA,us-pa-085,0.24700122677087
Metropolitan,2012,"Montgomery County",PA,us-pa-091,0.24800034183595
Metropolitan,2012,"Northampton County",PA,us-pa-095,0.31200035334128
Metropolitan,2012,"Perry County",PA,us-pa-099,0.30100392841554
Metropolitan,2012,"Philadelphia County",PA,us-pa-101,0.31000008667088
Metropolitan,2012,"Pike County",PA,us-pa-103,0.2640025826089
Metropolitan,2012,"Washington County",PA,us-pa-125,0.23800048501732
Metropolitan,2012,"Westmoreland County",PA,us-pa-129,0.30900056925596
Metropolitan,2012,"Wyoming County",PA,us-pa-131,0.28700780089153
Metropolitan,2012,"York County",PA,us-pa-133,0.2800003675671
Metropolitan,2013,"Adams County",PA,us-pa-001,0.29800259403372
Metropolitan,2013,"Allegheny County",PA,us-pa-003,0.26900005096845
Metropolitan,2013,"Armstrong County",PA,us-pa-005,0.33000187863986
Metropolitan,2013,"Beaver County",PA,us-pa-007,0.29900055944479
Metropolitan,2013,"Berks County",PA,us-pa-011,0.30800039297878
Metropolitan,2013,"Blair County",PA,us-pa-013,0.3200020594141
Metropolitan,2013,"Bucks County",PA,us-pa-017,0.25600008418217
Metropolitan,2013,"Butler County",PA,us-pa-019,0.27800028506271
Metropolitan,2013,"Cambria County",PA,us-pa-021,0.28400181850233
Metropolitan,2013,"Carbon County",PA,us-pa-025,0.32500594341865
Metropolitan,2013,"Centre County",PA,us-pa-027,0.25900182782391
Metropolitan,2013,"Chester County",PA,us-pa-029,0.23700025151309
Metropolitan,2013,"Columbia County",PA,us-pa-037,0.34800163848089
Metropolitan,2013,"Cumberland County",PA,us-pa-041,0.27100015189983
Metropolitan,2013,"Dauphin County",PA,us-pa-043,0.2970008535353
Metropolitan,2013,"Delaware County",PA,us-pa-045,0.24900040271545
Metropolitan,2013,"Erie County",PA,us-pa-049,0.3090006611792
Metropolitan,2013,"Fayette County",PA,us-pa-051,0.32600032184474
Metropolitan,2013,"Franklin County",PA,us-pa-055,0.27900021174478
Metropolitan,2013,"Lackawanna County",PA,us-pa-069,0.29600038825292
Metropolitan,2013,"Lancaster County",PA,us-pa-071,0.29500011635453
Metropolitan,2013,"Lebanon County",PA,us-pa-075,0.29400218962983
Metropolitan,2013,"Lehigh County",PA,us-pa-077,0.29800016583623
Metropolitan,2013,"Luzerne County",PA,us-pa-079,0.28400082053262
Metropolitan,2013,"Lycoming County",PA,us-pa-081,0.30100211147233
Metropolitan,2013,"Mercer County",PA,us-pa-085,0.30900218400218
Metropolitan,2013,"Monroe County",PA,us-pa-089,0.27000127803694
Metropolitan,2013,"Montgomery County",PA,us-pa-091,0.25100035368921
Metropolitan,2013,"Montour County",PA,us-pa-093,0.30100967606226
Metropolitan,2013,"Northampton County",PA,us-pa-095,0.264
Metropolitan,2013,"Perry County",PA,us-pa-099,0.32700391361067
Metropolitan,2013,"Philadelphia County",PA,us-pa-101,0.29300009643401
Metropolitan,2013,"Pike County",PA,us-pa-103,0.28700303002479
Metropolitan,2013,"Washington County",PA,us-pa-125,0.27400090587016
Metropolitan,2013,"Westmoreland County",PA,us-pa-129,0.2900001407836
Metropolitan,2013,"Wyoming County",PA,us-pa-131,0.29100185528757
Metropolitan,2013,"York County",PA,us-pa-133,0.31900019764949
Metropolitan,2014,"Allegheny County",PA,us-pa-003,0.27300013388312
Metropolitan,2014,"Armstrong County",PA,us-pa-005,0.339
Metropolitan,2014,"Beaver County",PA,us-pa-007,0.27000068061679
Metropolitan,2014,"Berks County",PA,us-pa-011,0.30800040345277
Metropolitan,2014,"Blair County",PA,us-pa-013,0.2980010303967
Metropolitan,2014,"Bucks County",PA,us-pa-017,0.25
Metropolitan,2014,"Butler County",PA,us-pa-019,0.26600039524576
Metropolitan,2014,"Cambria County",PA,us-pa-021,0.27600254139104
Metropolitan,2014,"Carbon County",PA,us-pa-025,0.29400471072581
Metropolitan,2014,"Centre County",PA,us-pa-027,0.26100148061846
Metropolitan,2014,"Chester County",PA,us-pa-029,0.21500029066234
Metropolitan,2014,"Cumberland County",PA,us-pa-041,0.26600136720117
Metropolitan,2014,"Dauphin County",PA,us-pa-043,0.31800140430263
Metropolitan,2014,"Delaware County",PA,us-pa-045,0.23300005009984
Metropolitan,2014,"Erie County",PA,us-pa-049,0.30900022019473
Metropolitan,2014,"Fayette County",PA,us-pa-051,0.37100020889117
Metropolitan,2014,"Lackawanna County",PA,us-pa-069,0.29200143756053
Metropolitan,2014,"Lancaster County",PA,us-pa-071,0.27900014584831
Metropolitan,2014,"Lebanon County",PA,us-pa-075,0.26200174713636
Metropolitan,2014,"Lehigh County",PA,us-pa-077,0.29900064776297
Metropolitan,2014,"Luzerne County",PA,us-pa-079,0.27600100019359
Metropolitan,2014,"Lycoming County",PA,us-pa-081,0.31200179886447
Metropolitan,2014,"Mercer County",PA,us-pa-085,0.29200200063657
Metropolitan,2014,"Montgomery County",PA,us-pa-091,0.24100037462963
Metropolitan,2014,"Northampton County",PA,us-pa-095,0.27800046334139
Metropolitan,2014,"Perry County",PA,us-pa-099,0.30100741083835
Metropolitan,2014,"Philadelphia County",PA,us-pa-101,0.29800014863702
Metropolitan,2014,"Pike County",PA,us-pa-103,0.27300157725101
Metropolitan,2014,"Washington County",PA,us-pa-125,0.27200084113132
Metropolitan,2014,"Westmoreland County",PA,us-pa-129,0.3000003531036
Metropolitan,2014,"Wyoming County",PA,us-pa-131,0.28100962645663
Metropolitan,2014,"York County",PA,us-pa-133,0.33000015086825
Metropolitan,2015,"Adams County",PA,us-pa-001,0.31200061364595
Metropolitan,2015,"Allegheny County",PA,us-pa-003,0.29300017114496
Metropolitan,2015,"Armstrong County",PA,us-pa-005,0.28400090946985
Metropolitan,2015,"Beaver County",PA,us-pa-007,0.2560007867404
Metropolitan,2015,"Berks County",PA,us-pa-011,0.32600061801682
Metropolitan,2015,"Blair County",PA,us-pa-013,0.29600182205934
Metropolitan,2015,"Bucks County",PA,us-pa-017,0.26300036632476
Metropolitan,2015,"Butler County",PA,us-pa-019,0.27800072966071
Metropolitan,2015,"Cambria County",PA,us-pa-021,0.27800047158689
Metropolitan,2015,"Carbon County",PA,us-pa-025,0.31000338692646
Metropolitan,2015,"Centre County",PA,us-pa-027,0.2710020141391
Metropolitan,2015,"Chester County",PA,us-pa-029,0.2230002629503
Metropolitan,2015,"Columbia County",PA,us-pa-037,0.28500488758553
Metropolitan,2015,"Cumberland County",PA,us-pa-041,0.29000069074351
Metropolitan,2015,"Dauphin County",PA,us-pa-043,0.31800150518317
Metropolitan,2015,"Delaware County",PA,us-pa-045,0.25700045202579
Metropolitan,2015,"Erie County",PA,us-pa-049,0.30600110287947
Metropolitan,2015,"Fayette County",PA,us-pa-051,0.34800038087983
Metropolitan,2015,"Franklin County",PA,us-pa-055,0.34300196149907
Metropolitan,2015,"Lackawanna County",PA,us-pa-069,0.27700062471673
Metropolitan,2015,"Lancaster County",PA,us-pa-071,0.27000063463857
Metropolitan,2015,"Lebanon County",PA,us-pa-075,0.26800062255598
Metropolitan,2015,"Lehigh County",PA,us-pa-077,0.31300087229264
Metropolitan,2015,"Luzerne County",PA,us-pa-079,0.26000008078425
Metropolitan,2015,"Lycoming County",PA,us-pa-081,0.32200042879227
Metropolitan,2015,"Mercer County",PA,us-pa-085,0.27900165251581
Metropolitan,2015,"Monroe County",PA,us-pa-089,0.32300219912351
Metropolitan,2015,"Montgomery County",PA,us-pa-091,0.26700017722783
Metropolitan,2015,"Montour County",PA,us-pa-093,0.28200111794298
Metropolitan,2015,"Northampton County",PA,us-pa-095,0.30400079816422
Metropolitan,2015,"Perry County",PA,us-pa-099,0.29100178581716
Metropolitan,2015,"Philadelphia County",PA,us-pa-101,0.29500008943165
Metropolitan,2015,"Pike County",PA,us-pa-103,0.26400346383483
Metropolitan,2015,"Washington County",PA,us-pa-125,0.25800009891931
Metropolitan,2015,"Westmoreland County",PA,us-pa-129,0.31200064961888
Metropolitan,2015,"Wyoming County",PA,us-pa-131,0.3
Metropolitan,2015,"York County",PA,us-pa-133,0.33200091434621
Metropolitan,2016,"Adams County",PA,us-pa-001,0.30200079366095
Metropolitan,2016,"Allegheny County",PA,us-pa-003,0.2830001597242
Metropolitan,2016,"Armstrong County",PA,us-pa-005,0.29000383729854
Metropolitan,2016,"Beaver County",PA,us-pa-007,0.29200152497141
Metropolitan,2016,"Berks County",PA,us-pa-011,0.31900038769708
Metropolitan,2016,"Blair County",PA,us-pa-013,0.26100229750003
Metropolitan,2016,"Bucks County",PA,us-pa-017,0.26000029075141
Metropolitan,2016,"Butler County",PA,us-pa-019,0.27200100912416
Metropolitan,2016,"Cambria County",PA,us-pa-021,0.25400011469863
Metropolitan,2016,"Carbon County",PA,us-pa-025,0.29100105963972
Metropolitan,2016,"Centre County",PA,us-pa-027,0.24200017472937
Metropolitan,2016,"Chester County",PA,us-pa-029,0.19000047000089
Metropolitan,2016,"Columbia County",PA,us-pa-037,0.27600070603463
Metropolitan,2016,"Cumberland County",PA,us-pa-041,0.27800091836573
Metropolitan,2016,"Dauphin County",PA,us-pa-043,0.31800109182436
Metropolitan,2016,"Delaware County",PA,us-pa-045,0.26200029439836
Metropolitan,2016,"Erie County",PA,us-pa-049,0.33600023162446
Metropolitan,2016,"Fayette County",PA,us-pa-051,0.37100092286395
Metropolitan,2016,"Franklin County",PA,us-pa-055,0.33300105750394
Metropolitan,2016,"Lackawanna County",PA,us-pa-069,0.25800004919323
Metropolitan,2016,"Lancaster County",PA,us-pa-071,0.27600056654931
Metropolitan,2016,"Lebanon County",PA,us-pa-075,0.27800238503825
Metropolitan,2016,"Lehigh County",PA,us-pa-077,0.29800057505585
Metropolitan,2016,"Luzerne County",PA,us-pa-079,0.28700072267829
Metropolitan,2016,"Lycoming County",PA,us-pa-081,0.36700351992733
Metropolitan,2016,"Mercer County",PA,us-pa-085,0.26200009204289
Metropolitan,2016,"Monroe County",PA,us-pa-089,0.32600037779807
Metropolitan,2016,"Montgomery County",PA,us-pa-091,0.24900017165124
Metropolitan,2016,"Montour County",PA,us-pa-093,0.24801573365175
Metropolitan,2016,"Northampton County",PA,us-pa-095,0.3020005788762
Metropolitan,2016,"Perry County",PA,us-pa-099,0.21800501882058
Metropolitan,2016,"Philadelphia County",PA,us-pa-101,0.27500006332924
Metropolitan,2016,"Pike County",PA,us-pa-103,0.24200514611285
Metropolitan,2016,"Washington County",PA,us-pa-125,0.29800168383518
Metropolitan,2016,"Westmoreland County",PA,us-pa-129,0.29500012463189
Metropolitan,2016,"Wyoming County",PA,us-pa-131,0.25900964148647
Metropolitan,2016,"York County",PA,us-pa-133,0.32900097978301
Metropolitan,2017,"Adams County",PA,us-pa-001,0.26200251681051
Metropolitan,2017,"Allegheny County",PA,us-pa-003,0.2700002186869
Metropolitan,2017,"Armstrong County",PA,us-pa-005,0.37600400639482
Metropolitan,2017,"Beaver County",PA,us-pa-007,0.30100025410612
Metropolitan,2017,"Berks County",PA,us-pa-011,0.33100083931196
Metropolitan,2017,"Blair County",PA,us-pa-013,0.28600196101171
Metropolitan,2017,"Bucks County",PA,us-pa-017,0.26700037407747
Metropolitan,2017,"Butler County",PA,us-pa-019,0.31200172376643
Metropolitan,2017,"Cambria County",PA,us-pa-021,0.24100100525827
Metropolitan,2017,"Carbon County",PA,us-pa-025,0.28700256803297
Metropolitan,2017,"Centre County",PA,us-pa-027,0.23900178253119
Metropolitan,2017,"Chester County",PA,us-pa-029,0.23900011398846
Metropolitan,2017,"Columbia County",PA,us-pa-037,0.32300493482492
Metropolitan,2017,"Cumberland County",PA,us-pa-041,0.24500112510662
Metropolitan,2017,"Dauphin County",PA,us-pa-043,0.33400055815923
Metropolitan,2017,"Delaware County",PA,us-pa-045,0.24400036975499
Metropolitan,2017,"Erie County",PA,us-pa-049,0.31300065500594
Metropolitan,2017,"Fayette County",PA,us-pa-051,0.36300199785737
Metropolitan,2017,"Franklin County",PA,us-pa-055,0.29100246896587
Metropolitan,2017,"Lackawanna County",PA,us-pa-069,0.30600129457818
Metropolitan,2017,"Lancaster County",PA,us-pa-071,0.33400073355407
Metropolitan,2017,"Lebanon County",PA,us-pa-075,0.3710008439466
Metropolitan,2017,"Lehigh County",PA,us-pa-077,0.31600044048012
Metropolitan,2017,"Luzerne County",PA,us-pa-079,0.28200076216422
Metropolitan,2017,"Lycoming County",PA,us-pa-081,0.30800201308505
Metropolitan,2017,"Mercer County",PA,us-pa-085,0.344002313476
Metropolitan,2017,"Monroe County",PA,us-pa-089,0.26500096842921
Metropolitan,2017,"Montgomery County",PA,us-pa-091,0.23300005259811
Metropolitan,2017,"Montour County",PA,us-pa-093,0.22500527685921
Metropolitan,2017,"Northampton County",PA,us-pa-095,0.30200059283189
Metropolitan,2017,"Perry County",PA,us-pa-099,0.29200341491178
Metropolitan,2017,"Philadelphia County",PA,us-pa-101,0.29200023825044
Metropolitan,2017,"Pike County",PA,us-pa-103,0.25500452898551
Metropolitan,2017,"Washington County",PA,us-pa-125,0.31400144695428
Metropolitan,2017,"Westmoreland County",PA,us-pa-129,0.29500053565689
Metropolitan,2017,"Wyoming County",PA,us-pa-131,0.24800787475391
Metropolitan,2017,"York County",PA,us-pa-133,0.29700072063702
Metropolitan,2018,"Adams County",PA,us-pa-001,0.26100005086729
Metropolitan,2018,"Allegheny County",PA,us-pa-003,0.29300022390119
Metropolitan,2018,"Armstrong County",PA,us-pa-005,0.37100685089677
Metropolitan,2018,"Beaver County",PA,us-pa-007,0.31100125886579
Metropolitan,2018,"Berks County",PA,us-pa-011,0.32200092605693
Metropolitan,2018,"Blair County",PA,us-pa-013,0.32300096008778
Metropolitan,2018,"Bucks County",PA,us-pa-017,0.2740002147855
Metropolitan,2018,"Butler County",PA,us-pa-019,0.31800193352298
Metropolitan,2018,"Cambria County",PA,us-pa-021,0.25500183642303
Metropolitan,2018,"Carbon County",PA,us-pa-025,0.24900244178429
Metropolitan,2018,"Centre County",PA,us-pa-027,0.243001305948
Metropolitan,2018,"Chester County",PA,us-pa-029,0.21700040654722
Metropolitan,2018,"Columbia County",PA,us-pa-037,0.31100167438196
Metropolitan,2018,"Cumberland County",PA,us-pa-041,0.2430009379241
Metropolitan,2018,"Dauphin County",PA,us-pa-043,0.31100018274326
Metropolitan,2018,"Delaware County",PA,us-pa-045,0.26000009470908
Metropolitan,2018,"Erie County",PA,us-pa-049,0.3
Metropolitan,2018,"Fayette County",PA,us-pa-051,0.31100053999846
Metropolitan,2018,"Franklin County",PA,us-pa-055,0.28800041342245
Metropolitan,2018,"Lackawanna County",PA,us-pa-069,0.27000092675543
Metropolitan,2018,"Lancaster County",PA,us-pa-071,0.31700069767559
Metropolitan,2018,"Lebanon County",PA,us-pa-075,0.32600166904874
Metropolitan,2018,"Lehigh County",PA,us-pa-077,0.30800042588656
Metropolitan,2018,"Luzerne County",PA,us-pa-079,0.31900006077426
Metropolitan,2018,"Lycoming County",PA,us-pa-081,0.33300155592165
Metropolitan,2018,"Mercer County",PA,us-pa-085,0.33900071807463
Metropolitan,2018,"Monroe County",PA,us-pa-089,0.29200148636723
Metropolitan,2018,"Montgomery County",PA,us-pa-091,0.26000028684939
Metropolitan,2018,"Montour County",PA,us-pa-093,0.21400505192254
Metropolitan,2018,"Northampton County",PA,us-pa-095,0.30400030940195
Metropolitan,2018,"Perry County",PA,us-pa-099,0.24000454661703
Metropolitan,2018,"Philadelphia County",PA,us-pa-101,0.30000016813561
Metropolitan,2018,"Pike County",PA,us-pa-103,0.2660057171378
Metropolitan,2018,"Washington County",PA,us-pa-125,0.36200113813494
Metropolitan,2018,"Westmoreland County",PA,us-pa-129,0.29200078581251
Metropolitan,2018,"Wyoming County",PA,us-pa-131,0.28700963119568
Metropolitan,2018,"York County",PA,us-pa-133,0.28100029770765
Metropolitan,2019,"Adams County",PA,us-pa-001,0.32700316090512
Metropolitan,2019,"Allegheny County",PA,us-pa-003,0.27600010421823
Metropolitan,2019,"Armstrong County",PA,us-pa-005,0.32
Metropolitan,2019,"Beaver County",PA,us-pa-007,0.35900234550986
Metropolitan,2019,"Berks County",PA,us-pa-011,0.29900011092272
Metropolitan,2019,"Blair County",PA,us-pa-013,0.33300047803686
Metropolitan,2019,"Bucks County",PA,us-pa-017,0.30700013720539
Metropolitan,2019,"Butler County",PA,us-pa-019,0.28700171165783
Metropolitan,2019,"Cambria County",PA,us-pa-021,0.30100225680244
Metropolitan,2019,"Carbon County",PA,us-pa-025,0.28600157728707
Metropolitan,2019,"Centre County",PA,us-pa-027,0.2670003383935
Metropolitan,2019,"Chester County",PA,us-pa-029,0.267000020399
Metropolitan,2019,"Columbia County",PA,us-pa-037,0.3
Metropolitan,2019,"Cumberland County",PA,us-pa-041,0.33700143220714
Metropolitan,2019,"Dauphin County",PA,us-pa-043,0.31500109441468
Metropolitan,2019,"Delaware County",PA,us-pa-045,0.28100055722357
Metropolitan,2019,"Erie County",PA,us-pa-049,0.31700131641407
Metropolitan,2019,"Fayette County",PA,us-pa-051,0.33700009778039
Metropolitan,2019,"Franklin County",PA,us-pa-055,0.34700062318061
Metropolitan,2019,"Lackawanna County",PA,us-pa-069,0.28600176390942
Metropolitan,2019,"Lancaster County",PA,us-pa-071,0.26
Metropolitan,2019,"Lebanon County",PA,us-pa-075,0.29700126203168
Metropolitan,2019,"Lehigh County",PA,us-pa-077,0.35800105672286
Metropolitan,2019,"Luzerne County",PA,us-pa-079,0.27700017840634
Metropolitan,2019,"Lycoming County",PA,us-pa-081,0.30100022993792
Metropolitan,2019,"Mercer County",PA,us-pa-085,0.2860002341098
Metropolitan,2019,"Monroe County",PA,us-pa-089,0.31600057843503
Metropolitan,2019,"Montgomery County",PA,us-pa-091,0.27900043493733
Metropolitan,2019,"Montour County",PA,us-pa-093,0.24700155213772
Metropolitan,2019,"Northampton County",PA,us-pa-095,0.29000063785002
Metropolitan,2019,"Perry County",PA,us-pa-099,0.2740069254807
Metropolitan,2019,"Philadelphia County",PA,us-pa-101,0.30900011273628
Metropolitan,2019,"Pike County",PA,us-pa-103,0.28700449348223
Metropolitan,2019,"Washington County",PA,us-pa-125,0.33900033371649
Metropolitan,2019,"Westmoreland County",PA,us-pa-129,0.34800044558316
Metropolitan,2019,"Wyoming County",PA,us-pa-131,0.31701141737926
Metropolitan,2019,"York County",PA,us-pa-133,0.32100082902651
Metropolitan,2020,"Adams County",PA,us-pa-001,0.30600015075756
Metropolitan,2020,"Allegheny County",PA,us-pa-003,0.29800013393829
Metropolitan,2020,"Armstrong County",PA,us-pa-005,0.38600101924811
Metropolitan,2020,"Beaver County",PA,us-pa-007,0.32700178074916
Metropolitan,2020,"Berks County",PA,us-pa-011,0.34300106950518
Metropolitan,2020,"Blair County",PA,us-pa-013,0.28100055491527
Metropolitan,2020,"Bucks County",PA,us-pa-017,0.25200027032064
Metropolitan,2020,"Butler County",PA,us-pa-019,0.30600059842777
Metropolitan,2020,"Cambria County",PA,us-pa-021,0.25900180731267
Metropolitan,2020,"Carbon County",PA,us-pa-025,0.19700285911466
Metropolitan,2020,"Centre County",PA,us-pa-027,0.25200069452118
Metropolitan,2020,"Chester County",PA,us-pa-029,0.26800058752621
Metropolitan,2020,"Columbia County",PA,us-pa-037,0.29700045597827
Metropolitan,2020,"Cumberland County",PA,us-pa-041,0.31900069367936
Metropolitan,2020,"Dauphin County",PA,us-pa-043,0.29600124813253
Metropolitan,2020,"Delaware County",PA,us-pa-045,0.26800055402572
Metropolitan,2020,"Erie County",PA,us-pa-049,0.33300094313672
Metropolitan,2020,"Fayette County",PA,us-pa-051,0.30100228869071
Metropolitan,2020,"Franklin County",PA,us-pa-055,0.38900241658541
Metropolitan,2020,"Lackawanna County",PA,us-pa-069,0.27300165816881
Metropolitan,2020,"Lancaster County",PA,us-pa-071,0.29900032391187
Metropolitan,2020,"Lebanon County",PA,us-pa-075,0.31500028185422
Metropolitan,2020,"Lehigh County",PA,us-pa-077,0.34800020203624
Metropolitan,2020,"Luzerne County",PA,us-pa-079,0.32900008541759
Metropolitan,2020,"Lycoming County",PA,us-pa-081,0.30100057504313
Metropolitan,2020,"Mercer County",PA,us-pa-085,0.27800112850896
Metropolitan,2020,"Monroe County",PA,us-pa-089,0.30100182149362
Metropolitan,2020,"Montgomery County",PA,us-pa-091,0.26800005017436
Metropolitan,2020,"Montour County",PA,us-pa-093,0.19700092388601
Metropolitan,2020,"Northampton County",PA,us-pa-095,0.27000084623847
Metropolitan,2020,"Perry County",PA,us-pa-099,0.25200236067785
Metropolitan,2020,"Philadelphia County",PA,us-pa-101,0.2900000835764
Metropolitan,2020,"Pike County",PA,us-pa-103,0.28300178835582
Metropolitan,2020,"Washington County",PA,us-pa-125,0.33000055752755
Metropolitan,2020,"Westmoreland County",PA,us-pa-129,0.34500052278816
Metropolitan,2020,"Wyoming County",PA,us-pa-131,0.30700869481674
Metropolitan,2020,"York County",PA,us-pa-133,0.31300057103533
Metropolitan,2021,"Adams County",PA,us-pa-001,0.31500049637645
Metropolitan,2021,"Allegheny County",PA,us-pa-003,0.30700027190503
Metropolitan,2021,"Armstrong County",PA,us-pa-005,0.32400031088486
Metropolitan,2021,"Beaver County",PA,us-pa-007,0.2990007099616
Metropolitan,2021,"Berks County",PA,us-pa-011,0.33200016197409
Metropolitan,2021,"Blair County",PA,us-pa-013,0.26200246640585
Metropolitan,2021,"Bucks County",PA,us-pa-017,0.27700006372166
Metropolitan,2021,"Butler County",PA,us-pa-019,0.29900154168845
Metropolitan,2021,"Cambria County",PA,us-pa-021,0.30700200502229
Metropolitan,2021,"Carbon County",PA,us-pa-025,0.21900185988841
Metropolitan,2021,"Centre County",PA,us-pa-027,0.26400188178802
Metropolitan,2021,"Chester County",PA,us-pa-029,0.2780002030301
Metropolitan,2021,"Columbia County",PA,us-pa-037,0.35100417578047
Metropolitan,2021,"Cumberland County",PA,us-pa-041,0.27800045751569
Metropolitan,2021,"Dauphin County",PA,us-pa-043,0.33600014798509
Metropolitan,2021,"Delaware County",PA,us-pa-045,0.29300065110222
Metropolitan,2021,"Erie County",PA,us-pa-049,0.34700003427693
Metropolitan,2021,"Fayette County",PA,us-pa-051,0.29300194252129
Metropolitan,2021,"Franklin County",PA,us-pa-055,0.36400182423188
Metropolitan,2021,"Lackawanna County",PA,us-pa-069,0.26600070186478
Metropolitan,2021,"Lancaster County",PA,us-pa-071,0.31300061464014
Metropolitan,2021,"Lebanon County",PA,us-pa-075,0.29700110519815
Metropolitan,2021,"Lehigh County",PA,us-pa-077,0.3170009994289
Metropolitan,2021,"Luzerne County",PA,us-pa-079,0.34600131925073
Metropolitan,2021,"Lycoming County",PA,us-pa-081,0.31600119531986
Metropolitan,2021,"Mercer County",PA,us-pa-085,0.35
Metropolitan,2021,"Monroe County",PA,us-pa-089,0.2630005567037
Metropolitan,2021,"Montgomery County",PA,us-pa-091,0.27800026190527
Metropolitan,2021,"Montour County",PA,us-pa-093,0.17800485922538
Metropolitan,2021,"Northampton County",PA,us-pa-095,0.27300007440046
Metropolitan,2021,"Perry County",PA,us-pa-099,0.23800389291658
Metropolitan,2021,"Philadelphia County",PA,us-pa-101,0.28900007793102
Metropolitan,2021,"Pike County",PA,us-pa-103,0.23900335806973
Metropolitan,2021,"Washington County",PA,us-pa-125,0.32100134141038
Metropolitan,2021,"Westmoreland County",PA,us-pa-129,0.30700087537631
Metropolitan,2021,"Wyoming County",PA,us-pa-131,0.25700934579439
Metropolitan,2021,"York County",PA,us-pa-133,0.35300073346469
Nonmetropolitan,2004,"Adams County",PA,us-pa-001,0.24000223647978
Nonmetropolitan,2004,"Bedford County",PA,us-pa-009,0.2200021256244
Nonmetropolitan,2004,"Bradford County",PA,us-pa-015,0.23000087619381
Nonmetropolitan,2004,"Cameron County",PA,us-pa-023,0.19801746518763
Nonmetropolitan,2004,"Clarion County",PA,us-pa-031,0.22300066093853
Nonmetropolitan,2004,"Clearfield County",PA,us-pa-033,0.26500031780334
Nonmetropolitan,2004,"Clinton County",PA,us-pa-035,0.221
Nonmetropolitan,2004,"Columbia County",PA,us-pa-037,0.20900400863398
Nonmetropolitan,2004,"Crawford County",PA,us-pa-039,0.23700261839536
Nonmetropolitan,2004,"Elk County",PA,us-pa-047,0.19000508348649
Nonmetropolitan,2004,"Forest County",PA,us-pa-053,0.18801699083389
Nonmetropolitan,2004,"Franklin County",PA,us-pa-055,0.24700115051773
Nonmetropolitan,2004,"Fulton County",PA,us-pa-057,0.18900533186247
Nonmetropolitan,2004,"Greene County",PA,us-pa-059,0.22600588488115
Nonmetropolitan,2004,"Huntingdon County",PA,us-pa-061,0.21900294597146
Nonmetropolitan,2004,"Indiana County",PA,us-pa-063,0.18700148152582
Nonmetropolitan,2004,"Jefferson County",PA,us-pa-065,0.22000468219595
Nonmetropolitan,2004,"Juniata County",PA,us-pa-067,0.21301117416486
Nonmetropolitan,2004,"Lawrence County",PA,us-pa-073,0.2110025957636
Nonmetropolitan,2004,"Mckean County",PA,us-pa-083,0.20300253225612
Nonmetropolitan,2004,"Mifflin County",PA,us-pa-087,0.22700067151324
Nonmetropolitan,2004,"Monroe County",PA,us-pa-089,0.22100020565645
Nonmetropolitan,2004,"Montour County",PA,us-pa-093,0.19400524541027
Nonmetropolitan,2004,"Northumberland County",PA,us-pa-097,0.25100268790723
Nonmetropolitan,2004,"Potter County",PA,us-pa-105,0.2220080197409
Nonmetropolitan,2004,"Schuylkill County",PA,us-pa-107,0.23000157571301
Nonmetropolitan,2004,"Snyder County",PA,us-pa-109,0.1910047778137
Nonmetropolitan,2004,"Somerset County",PA,us-pa-111,0.19700270248137
Nonmetropolitan,2004,"Sullivan County",PA,us-pa-113,0.19200978393804
Nonmetropolitan,2004,"Susquehanna County",PA,us-pa-115,0.20100600356969
Nonmetropolitan,2004,"Tioga County",PA,us-pa-117,0.22500325478453
Nonmetropolitan,2004,"Union County",PA,us-pa-119,0.20700470465238
Nonmetropolitan,2004,"Venango County",PA,us-pa-121,0.20800038165208
Nonmetropolitan,2004,"Warren County",PA,us-pa-123,0.19500314267756
Nonmetropolitan,2004,"Wayne County",PA,us-pa-127,0.20800280610868
Nonmetropolitan,2005,"Adams County",PA,us-pa-001,0.23600147748882
Nonmetropolitan,2005,"Bedford County",PA,us-pa-009,0.25
Nonmetropolitan,2005,"Bradford County",PA,us-pa-015,0.22100037018487
Nonmetropolitan,2005,"Cameron County",PA,us-pa-023,0.20504281636537
Nonmetropolitan,2005,"Clarion County",PA,us-pa-031,0.235003784015
Nonmetropolitan,2005,"Clearfield County",PA,us-pa-033,0.2490007613247
Nonmetropolitan,2005,"Clinton County",PA,us-pa-035,0.21700407754489
Nonmetropolitan,2005,"Columbia County",PA,us-pa-037,0.26600098215747
Nonmetropolitan,2005,"Crawford County",PA,us-pa-039,0.24200090812774
Nonmetropolitan,2005,"Elk County",PA,us-pa-047,0.24300692383778
Nonmetropolitan,2005,"Forest County",PA,us-pa-053,0.19900687547746
Nonmetropolitan,2005,"Franklin County",PA,us-pa-055,0.27400039200314
Nonmetropolitan,2005,"Fulton County",PA,us-pa-057,0.20100410771337
Nonmetropolitan,2005,"Greene County",PA,us-pa-059,0.23600364132909
Nonmetropolitan,2005,"Huntingdon County",PA,us-pa-061,0.28100725565514
Nonmetropolitan,2005,"Indiana County",PA,us-pa-063,0.2300010480454
Nonmetropolitan,2005,"Jefferson County",PA,us-pa-065,0.29100729927007
Nonmetropolitan,2005,"Juniata County",PA,us-pa-067,0.20601108841552
Nonmetropolitan,2005,"Lawrence County",PA,us-pa-073,0.24200308210793
Nonmetropolitan,2005,"Mckean County",PA,us-pa-083,0.25700453857791
Nonmetropolitan,2005,"Mifflin County",PA,us-pa-087,0.25500407308274
Nonmetropolitan,2005,"Monroe County",PA,us-pa-089,0.23300193268678
Nonmetropolitan,2005,"Montour County",PA,us-pa-093,0.23101644245142
Nonmetropolitan,2005,"Northumberland County",PA,us-pa-097,0.259
Nonmetropolitan,2005,"Potter County",PA,us-pa-105,0.2090024706609
Nonmetropolitan,2005,"Schuylkill County",PA,us-pa-107,0.2
Nonmetropolitan,2005,"Snyder County",PA,us-pa-109,0.21100093410936
Nonmetropolitan,2005,"Somerset County",PA,us-pa-111,0.26900182023909
Nonmetropolitan,2005,"Sullivan County",PA,us-pa-113,0.19901417128774
Nonmetropolitan,2005,"Susquehanna County",PA,us-pa-115,0.2110056315366
Nonmetropolitan,2005,"Tioga County",PA,us-pa-117,0.27600324939074
Nonmetropolitan,2005,"Union County",PA,us-pa-119,0.23400036605454
Nonmetropolitan,2005,"Venango County",PA,us-pa-121,0.19800253267388
Nonmetropolitan,2005,"Warren County",PA,us-pa-123,0.21800303528519
Nonmetropolitan,2005,"Wayne County",PA,us-pa-127,0.18900162977761
Nonmetropolitan,2006,"Adams County",PA,us-pa-001,0.22600067499156
Nonmetropolitan,2006,"Bedford County",PA,us-pa-009,0.22400042254265
Nonmetropolitan,2006,"Bradford County",PA,us-pa-015,0.23600061032762
Nonmetropolitan,2006,"Cameron County",PA,us-pa-023,0.21301204819277
Nonmetropolitan,2006,"Clarion County",PA,us-pa-031,0.23000130924326
Nonmetropolitan,2006,"Clearfield County",PA,us-pa-033,0.25
Nonmetropolitan,2006,"Clinton County",PA,us-pa-035,0.19500178507676
Nonmetropolitan,2006,"Columbia County",PA,us-pa-037,0.21000346776003
Nonmetropolitan,2006,"Crawford County",PA,us-pa-039,0.26800042309494
Nonmetropolitan,2006,"Elk County",PA,us-pa-047,0.25200095094698
Nonmetropolitan,2006,"Forest County",PA,us-pa-053,0.20502018606284
Nonmetropolitan,2006,"Franklin County",PA,us-pa-055,0.23100213383571
Nonmetropolitan,2006,"Fulton County",PA,us-pa-057,0.22
Nonmetropolitan,2006,"Greene County",PA,us-pa-059,0.26000328245528
Nonmetropolitan,2006,"Huntingdon County",PA,us-pa-061,0.23900264107006
Nonmetropolitan,2006,"Indiana County",PA,us-pa-063,0.24400250641523
Nonmetropolitan,2006,"Jefferson County",PA,us-pa-065,0.24200516076658
Nonmetropolitan,2006,"Juniata County",PA,us-pa-067,0.2380068449446
Nonmetropolitan,2006,"Lawrence County",PA,us-pa-073,0.24700194819251
Nonmetropolitan,2006,"Mckean County",PA,us-pa-083,0.20500376789751
Nonmetropolitan,2006,"Mifflin County",PA,us-pa-087,0.21700529778192
Nonmetropolitan,2006,"Monroe County",PA,us-pa-089,0.23400030678506
Nonmetropolitan,2006,"Montour County",PA,us-pa-093,0.21500149566258
Nonmetropolitan,2006,"Northumberland County",PA,us-pa-097,0.27800231762811
Nonmetropolitan,2006,"Potter County",PA,us-pa-105,0.24400498287138
Nonmetropolitan,2006,"Schuylkill County",PA,us-pa-107,0.26200025988652
Nonmetropolitan,2006,"Snyder County",PA,us-pa-109,0.20700364103662
Nonmetropolitan,2006,"Somerset County",PA,us-pa-111,0.23400317725479
Nonmetropolitan,2006,"Sullivan County",PA,us-pa-113,0.21
Nonmetropolitan,2006,"Susquehanna County",PA,us-pa-115,0.24900615542447
Nonmetropolitan,2006,"Tioga County",PA,us-pa-117,0.29300733496333
Nonmetropolitan,2006,"Union County",PA,us-pa-119,0.20400106853462
Nonmetropolitan,2006,"Venango County",PA,us-pa-121,0.22600463770888
Nonmetropolitan,2006,"Warren County",PA,us-pa-123,0.21300213097548
Nonmetropolitan,2006,"Wayne County",PA,us-pa-127,0.18500378692249
Nonmetropolitan,2007,"Adams County",PA,us-pa-001,0.22400128092226
Nonmetropolitan,2007,"Bedford County",PA,us-pa-009,0.22700370886709
Nonmetropolitan,2007,"Bradford County",PA,us-pa-015,0.23700113033649
Nonmetropolitan,2007,"Cameron County",PA,us-pa-023,0.22601744186047
Nonmetropolitan,2007,"Clarion County",PA,us-pa-031,0.232
Nonmetropolitan,2007,"Clearfield County",PA,us-pa-033,0.28200290724647
Nonmetropolitan,2007,"Clinton County",PA,us-pa-035,0.23500498646531
Nonmetropolitan,2007,"Columbia County",PA,us-pa-037,0.23800255458914
Nonmetropolitan,2007,"Crawford County",PA,us-pa-039,0.27500037679543
Nonmetropolitan,2007,"Elk County",PA,us-pa-047,0.21900135382655
Nonmetropolitan,2007,"Forest County",PA,us-pa-053,0.22002472187886
Nonmetropolitan,2007,"Franklin County",PA,us-pa-055,0.28600077568511
Nonmetropolitan,2007,"Fulton County",PA,us-pa-057,0.2280035335689
Nonmetropolitan,2007,"Greene County",PA,us-pa-059,0.27500164376356
Nonmetropolitan,2007,"Huntingdon County",PA,us-pa-061,0.2610034465224
Nonmetropolitan,2007,"Indiana County",PA,us-pa-063,0.24100263773602
Nonmetropolitan,2007,"Jefferson County",PA,us-pa-065,0.25400411272338
Nonmetropolitan,2007,"Juniata County",PA,us-pa-067,0.2680120272927
Nonmetropolitan,2007,"Lawrence County",PA,us-pa-073,0.25500159240279
Nonmetropolitan,2007,"Mckean County",PA,us-pa-083,0.2270029226551
Nonmetropolitan,2007,"Mifflin County",PA,us-pa-087,0.23800017359604
Nonmetropolitan,2007,"Monroe County",PA,us-pa-089,0.24200159255689
Nonmetropolitan,2007,"Montour County",PA,us-pa-093,0.22400537433754
Nonmetropolitan,2007,"Northumberland County",PA,us-pa-097,0.26100335958894
Nonmetropolitan,2007,"Potter County",PA,us-pa-105,0.28201074928865
Nonmetropolitan,2007,"Schuylkill County",PA,us-pa-107,0.29900237529691
Nonmetropolitan,2007,"Snyder County",PA,us-pa-109,0.21300177619893
Nonmetropolitan,2007,"Somerset County",PA,us-pa-111,0.29700428426595
Nonmetropolitan,2007,"Sullivan County",PA,us-pa-113,0.22704611549647
Nonmetropolitan,2007,"Susquehanna County",PA,us-pa-115,0.23900444329963
Nonmetropolitan,2007,"Tioga County",PA,us-pa-117,0.32200799817928
Nonmetropolitan,2007,"Union County",PA,us-pa-119,0.22900243020568
Nonmetropolitan,2007,"Venango County",PA,us-pa-121,0.24400038474487
Nonmetropolitan,2007,"Warren County",PA,us-pa-123,0.27800513943086
Nonmetropolitan,2007,"Wayne County",PA,us-pa-127,0.23600030012755
Nonmetropolitan,2008,"Adams County",PA,us-pa-001,0.24400169115316
Nonmetropolitan,2008,"Bedford County",PA,us-pa-009,0.22000261472088
Nonmetropolitan,2008,"Bradford County",PA,us-pa-015,0.25400373247689
Nonmetropolitan,2008,"Cameron County",PA,us-pa-023,0.21803597472047
Nonmetropolitan,2008,"Clarion County",PA,us-pa-031,0.26700663593867
Nonmetropolitan,2008,"Clearfield County",PA,us-pa-033,0.27600135672659
Nonmetropolitan,2008,"Clinton County",PA,us-pa-035,0.24200293076951
Nonmetropolitan,2008,"Columbia County",PA,us-pa-037,0.30300342672848
Nonmetropolitan,2008,"Crawford County",PA,us-pa-039,0.26400314541495
Nonmetropolitan,2008,"Elk County",PA,us-pa-047,0.23500119512389
Nonmetropolitan,2008,"Forest County",PA,us-pa-053,0.22000356569799
Nonmetropolitan,2008,"Franklin County",PA,us-pa-055,0.26600128363734
Nonmetropolitan,2008,"Fulton County",PA,us-pa-057,0.2190166241534
Nonmetropolitan,2008,"Greene County",PA,us-pa-059,0.23000428068096
Nonmetropolitan,2008,"Huntingdon County",PA,us-pa-061,0.2570063246662
Nonmetropolitan,2008,"Indiana County",PA,us-pa-063,0.25
Nonmetropolitan,2008,"Jefferson County",PA,us-pa-065,0.22600645979928
Nonmetropolitan,2008,"Juniata County",PA,us-pa-067,0.24800092043951
Nonmetropolitan,2008,"Lawrence County",PA,us-pa-073,0.26400348634515
Nonmetropolitan,2008,"Mckean County",PA,us-pa-083,0.25200326570107
Nonmetropolitan,2008,"Mifflin County",PA,us-pa-087,0.26100647099607
Nonmetropolitan,2008,"Monroe County",PA,us-pa-089,0.28100228848131
Nonmetropolitan,2008,"Montour County",PA,us-pa-093,0.23301188607311
Nonmetropolitan,2008,"Northumberland County",PA,us-pa-097,0.26100275420156
Nonmetropolitan,2008,"Potter County",PA,us-pa-105,0.25100112125581
Nonmetropolitan,2008,"Schuylkill County",PA,us-pa-107,0.2770004145937
Nonmetropolitan,2008,"Snyder County",PA,us-pa-109,0.24900081349698
Nonmetropolitan,2008,"Somerset County",PA,us-pa-111,0.28700402342089
Nonmetropolitan,2008,"Sullivan County",PA,us-pa-113,0.256038647343
Nonmetropolitan,2008,"Susquehanna County",PA,us-pa-115,0.19600527483838
Nonmetropolitan,2008,"Tioga County",PA,us-pa-117,0.31300129366106
Nonmetropolitan,2008,"Union County",PA,us-pa-119,0.26500102998735
Nonmetropolitan,2008,"Venango County",PA,us-pa-121,0.26700270113834
Nonmetropolitan,2008,"Warren County",PA,us-pa-123,0.25
Nonmetropolitan,2008,"Wayne County",PA,us-pa-127,0.21700140813755
Nonmetropolitan,2009,"Adams County",PA,us-pa-001,0.23000250504305
Nonmetropolitan,2009,"Bedford County",PA,us-pa-009,0.26000105691487
Nonmetropolitan,2009,"Bradford County",PA,us-pa-015,0.29200420370451
Nonmetropolitan,2009,"Cameron County",PA,us-pa-023,0.21401938851603
Nonmetropolitan,2009,"Clarion County",PA,us-pa-031,0.26200668896321
Nonmetropolitan,2009,"Clearfield County",PA,us-pa-033,0.25700205851163
Nonmetropolitan,2009,"Clinton County",PA,us-pa-035,0.2260005043046
Nonmetropolitan,2009,"Columbia County",PA,us-pa-037,0.31000429368828
Nonmetropolitan,2009,"Crawford County",PA,us-pa-039,0.25100288281143
Nonmetropolitan,2009,"Elk County",PA,us-pa-047,0.27600307704765
Nonmetropolitan,2009,"Forest County",PA,us-pa-053,0.21102248005801
Nonmetropolitan,2009,"Franklin County",PA,us-pa-055,0.27900116876612
Nonmetropolitan,2009,"Fulton County",PA,us-pa-057,0.22401785714286
Nonmetropolitan,2009,"Greene County",PA,us-pa-059,0.2320071376644
Nonmetropolitan,2009,"Huntingdon County",PA,us-pa-061,0.2190043965395
Nonmetropolitan,2009,"Indiana County",PA,us-pa-063,0.24900250322385
Nonmetropolitan,2009,"Jefferson County",PA,us-pa-065,0.25900085371957
Nonmetropolitan,2009,"Juniata County",PA,us-pa-067,0.26200696055684
Nonmetropolitan,2009,"Lawrence County",PA,us-pa-073,0.24200207151089
Nonmetropolitan,2009,"Mckean County",PA,us-pa-083,0.27500382204556
Nonmetropolitan,2009,"Mifflin County",PA,us-pa-087,0.28400794346125
Nonmetropolitan,2009,"Monroe County",PA,us-pa-089,0.26500202033529
Nonmetropolitan,2009,"Montour County",PA,us-pa-093,0.23400148478099
Nonmetropolitan,2009,"Northumberland County",PA,us-pa-097,0.25400079167609
Nonmetropolitan,2009,"Potter County",PA,us-pa-105,0.2150067562197
Nonmetropolitan,2009,"Schuylkill County",PA,us-pa-107,0.30900048688878
Nonmetropolitan,2009,"Snyder County",PA,us-pa-109,0.25500564015792
Nonmetropolitan,2009,"Somerset County",PA,us-pa-111,0.30000165636957
Nonmetropolitan,2009,"Sullivan County",PA,us-pa-113,0.22603599832566
Nonmetropolitan,2009,"Susquehanna County",PA,us-pa-115,0.23100382843424
Nonmetropolitan,2009,"Tioga County",PA,us-pa-117,0.31000544994069
Nonmetropolitan,2009,"Union County",PA,us-pa-119,0.25500448162534
Nonmetropolitan,2009,"Venango County",PA,us-pa-121,0.31400368645712
Nonmetropolitan,2009,"Warren County",PA,us-pa-123,0.25400076814748
Nonmetropolitan,2009,"Wayne County",PA,us-pa-127,0.24700191474353
Nonmetropolitan,2010,"Adams County",PA,us-pa-001,0.22200245262866
Nonmetropolitan,2010,"Bedford County",PA,us-pa-009,0.27300290007909
Nonmetropolitan,2010,"Bradford County",PA,us-pa-015,0.32800221479226
Nonmetropolitan,2010,"Cameron County",PA,us-pa-023,0.1790107958825
Nonmetropolitan,2010,"Clarion County",PA,us-pa-031,0.2790025898134
Nonmetropolitan,2010,"Clearfield County",PA,us-pa-033,0.25400263703146
Nonmetropolitan,2010,"Clinton County",PA,us-pa-035,0.3170008958721
Nonmetropolitan,2010,"Columbia County",PA,us-pa-037,0.35100455187569
Nonmetropolitan,2010,"Crawford County",PA,us-pa-039,0.26700202423034
Nonmetropolitan,2010,"Elk County",PA,us-pa-047,0.275
Nonmetropolitan,2010,"Forest County",PA,us-pa-053,0.17700869034914
Nonmetropolitan,2010,"Franklin County",PA,us-pa-055,0.30800239690581
Nonmetropolitan,2010,"Fulton County",PA,us-pa-057,0.1810056874605
Nonmetropolitan,2010,"Greene County",PA,us-pa-059,0.24800134363453
Nonmetropolitan,2010,"Huntingdon County",PA,us-pa-061,0.28
Nonmetropolitan,2010,"Indiana County",PA,us-pa-063,0.27000224031066
Nonmetropolitan,2010,"Jefferson County",PA,us-pa-065,0.26800233986546
Nonmetropolitan,2010,"Juniata County",PA,us-pa-067,0.24600462911937
Nonmetropolitan,2010,"Lawrence County",PA,us-pa-073,0.26500361532899
Nonmetropolitan,2010,"Mckean County",PA,us-pa-083,0.29700686054277
Nonmetropolitan,2010,"Mifflin County",PA,us-pa-087,0.2610002576508
Nonmetropolitan,2010,"Monroe County",PA,us-pa-089,0.28500154138205
Nonmetropolitan,2010,"Montour County",PA,us-pa-093,0.24201238169786
Nonmetropolitan,2010,"Northumberland County",PA,us-pa-097,0.31800021891419
Nonmetropolitan,2010,"Potter County",PA,us-pa-105,0.29201060204468
Nonmetropolitan,2010,"Schuylkill County",PA,us-pa-107,0.2990020826102
Nonmetropolitan,2010,"Snyder County",PA,us-pa-109,0.29300716072224
Nonmetropolitan,2010,"Somerset County",PA,us-pa-111,0.28800052471059
Nonmetropolitan,2010,"Sullivan County",PA,us-pa-113,0.18803088803089
Nonmetropolitan,2010,"Susquehanna County",PA,us-pa-115,0.25500241080039
Nonmetropolitan,2010,"Tioga County",PA,us-pa-117,0.31600792378078
Nonmetropolitan,2010,"Union County",PA,us-pa-119,0.225
Nonmetropolitan,2010,"Venango County",PA,us-pa-121,0.28400248245572
Nonmetropolitan,2010,"Warren County",PA,us-pa-123,0.24700575517188
Nonmetropolitan,2010,"Wayne County",PA,us-pa-127,0.24400326875931
Nonmetropolitan,2011,"Adams County",PA,us-pa-001,0.2410029421036
Nonmetropolitan,2011,"Bedford County",PA,us-pa-009,0.2750046243691
Nonmetropolitan,2011,"Bradford County",PA,us-pa-015,0.32500579765142
Nonmetropolitan,2011,"Cameron County",PA,us-pa-023,0.2820253164557
Nonmetropolitan,2011,"Clarion County",PA,us-pa-031,0.28600680339509
Nonmetropolitan,2011,"Clearfield County",PA,us-pa-033,0.28100298956002
Nonmetropolitan,2011,"Clinton County",PA,us-pa-035,0.24800594835744
Nonmetropolitan,2011,"Columbia County",PA,us-pa-037,0.32500196649099
Nonmetropolitan,2011,"Crawford County",PA,us-pa-039,0.25300380228137
Nonmetropolitan,2011,"Elk County",PA,us-pa-047,0.26800324017821
Nonmetropolitan,2011,"Forest County",PA,us-pa-053,0.236007183478
Nonmetropolitan,2011,"Franklin County",PA,us-pa-055,0.29900248704849
Nonmetropolitan,2011,"Fulton County",PA,us-pa-057,0.22301123595506
Nonmetropolitan,2011,"Greene County",PA,us-pa-059,0.28900798867428
Nonmetropolitan,2011,"Huntingdon County",PA,us-pa-061,0.27100674915636
Nonmetropolitan,2011,"Indiana County",PA,us-pa-063,0.26700203009315
Nonmetropolitan,2011,"Jefferson County",PA,us-pa-065,0.29600537289026
Nonmetropolitan,2011,"Juniata County",PA,us-pa-067,0.25800711743772
Nonmetropolitan,2011,"Lawrence County",PA,us-pa-073,0.26
Nonmetropolitan,2011,"Mckean County",PA,us-pa-083,0.32400279916025
Nonmetropolitan,2011,"Mifflin County",PA,us-pa-087,0.29500640204866
Nonmetropolitan,2011,"Monroe County",PA,us-pa-089,0.2770002088991
Nonmetropolitan,2011,"Montour County",PA,us-pa-093,0.27701598579041
Nonmetropolitan,2011,"Northumberland County",PA,us-pa-097,0.28600303183426
Nonmetropolitan,2011,"Potter County",PA,us-pa-105,0.29701695941853
Nonmetropolitan,2011,"Schuylkill County",PA,us-pa-107,0.3
Nonmetropolitan,2011,"Snyder County",PA,us-pa-109,0.28300273597811
Nonmetropolitan,2011,"Somerset County",PA,us-pa-111,0.28000392368434
Nonmetropolitan,2011,"Sullivan County",PA,us-pa-113,0.29700690713738
Nonmetropolitan,2011,"Susquehanna County",PA,us-pa-115,0.25900737516624
Nonmetropolitan,2011,"Tioga County",PA,us-pa-117,0.31500715218608
Nonmetropolitan,2011,"Union County",PA,us-pa-119,0.29
Nonmetropolitan,2011,"Venango County",PA,us-pa-121,0.27300510959362
Nonmetropolitan,2011,"Warren County",PA,us-pa-123,0.27200448975774
Nonmetropolitan,2011,"Wayne County",PA,us-pa-127,0.28800657306493
Nonmetropolitan,2012,"Adams County",PA,us-pa-001,0.23100288101787
Nonmetropolitan,2012,"Bedford County",PA,us-pa-009,0.28000105730598
Nonmetropolitan,2012,"Bradford County",PA,us-pa-015,0.33600472414375
Nonmetropolitan,2012,"Cameron County",PA,us-pa-023,0.26901622718053
Nonmetropolitan,2012,"Clarion County",PA,us-pa-031,0.30100456017448
Nonmetropolitan,2012,"Clearfield County",PA,us-pa-033,0.29900436080589
Nonmetropolitan,2012,"Clinton County",PA,us-pa-035,0.27300094709782
Nonmetropolitan,2012,"Columbia County",PA,us-pa-037,0.3030035335689
Nonmetropolitan,2012,"Crawford County",PA,us-pa-039,0.29100424457258
Nonmetropolitan,2012,"Elk County",PA,us-pa-047,0.26800635878205
Nonmetropolitan,2012,"Forest County",PA,us-pa-053,0.27401505090748
Nonmetropolitan,2012,"Franklin County",PA,us-pa-055,0.25200135202448
Nonmetropolitan,2012,"Fulton County",PA,us-pa-057,0.23701588434767
Nonmetropolitan,2012,"Greene County",PA,us-pa-059,0.3370021674343
Nonmetropolitan,2012,"Huntingdon County",PA,us-pa-061,0.2800011210134
Nonmetropolitan,2012,"Indiana County",PA,us-pa-063,0.28900229118934
Nonmetropolitan,2012,"Jefferson County",PA,us-pa-065,0.29400409476455
Nonmetropolitan,2012,"Juniata County",PA,us-pa-067,0.23100417961633
Nonmetropolitan,2012,"Lawrence County",PA,us-pa-073,0.27700219358775
Nonmetropolitan,2012,"Mckean County",PA,us-pa-083,0.29900090826521
Nonmetropolitan,2012,"Mifflin County",PA,us-pa-087,0.34800182170101
Nonmetropolitan,2012,"Monroe County",PA,us-pa-089,0.28400220957322
Nonmetropolitan,2012,"Montour County",PA,us-pa-093,0.29801184433164
Nonmetropolitan,2012,"Northumberland County",PA,us-pa-097,0.29100082960465
Nonmetropolitan,2012,"Potter County",PA,us-pa-105,0.33500186776242
Nonmetropolitan,2012,"Schuylkill County",PA,us-pa-107,0.27300102400333
Nonmetropolitan,2012,"Snyder County",PA,us-pa-109,0.31400061301638
Nonmetropolitan,2012,"Somerset County",PA,us-pa-111,0.30300359125041
Nonmetropolitan,2012,"Sullivan County",PA,us-pa-113,0.29802445907808
Nonmetropolitan,2012,"Susquehanna County",PA,us-pa-115,0.28700175406762
Nonmetropolitan,2012,"Tioga County",PA,us-pa-117,0.32400716447409
Nonmetropolitan,2012,"Union County",PA,us-pa-119,0.30100218868794
Nonmetropolitan,2012,"Venango County",PA,us-pa-121,0.28600148385707
Nonmetropolitan,2012,"Warren County",PA,us-pa-123,0.26400199694218
Nonmetropolitan,2012,"Wayne County",PA,us-pa-127,0.32800642148278
Nonmetropolitan,2013,"Bedford County",PA,us-pa-009,0.33400343869858
Nonmetropolitan,2013,"Bradford County",PA,us-pa-015,0.32100676406353
Nonmetropolitan,2013,"Cameron County",PA,us-pa-023,0.27103518612953
Nonmetropolitan,2013,"Clarion County",PA,us-pa-031,0.30900219079865
Nonmetropolitan,2013,"Clearfield County",PA,us-pa-033,0.32900043432401
Nonmetropolitan,2013,"Clinton County",PA,us-pa-035,0.288
Nonmetropolitan,2013,"Crawford County",PA,us-pa-039,0.34000395671958
Nonmetropolitan,2013,"Elk County",PA,us-pa-047,0.26200605416019
Nonmetropolitan,2013,"Forest County",PA,us-pa-053,0.27302100161551
Nonmetropolitan,2013,"Fulton County",PA,us-pa-057,0.2700187885837
Nonmetropolitan,2013,"Greene County",PA,us-pa-059,0.30500118995002
Nonmetropolitan,2013,"Huntingdon County",PA,us-pa-061,0.28300145430138
Nonmetropolitan,2013,"Indiana County",PA,us-pa-063,0.3490048605021
Nonmetropolitan,2013,"Jefferson County",PA,us-pa-065,0.28000232801769
Nonmetropolitan,2013,"Juniata County",PA,us-pa-067,0.30601092896175
Nonmetropolitan,2013,"Lawrence County",PA,us-pa-073,0.30800273896764
Nonmetropolitan,2013,"Mckean County",PA,us-pa-083,0.28300450615029
Nonmetropolitan,2013,"Mifflin County",PA,us-pa-087,0.29900096497701
Nonmetropolitan,2013,"Northumberland County",PA,us-pa-097,0.32800065409354
Nonmetropolitan,2013,"Potter County",PA,us-pa-105,0.30400899213188
Nonmetropolitan,2013,"Schuylkill County",PA,us-pa-107,0.34600189290335
Nonmetropolitan,2013,"Snyder County",PA,us-pa-109,0.31200757447672
Nonmetropolitan,2013,"Somerset County",PA,us-pa-111,0.33100160545198
Nonmetropolitan,2013,"Sullivan County",PA,us-pa-113,0.27904349463378
Nonmetropolitan,2013,"Susquehanna County",PA,us-pa-115,0.29000635381683
Nonmetropolitan,2013,"Tioga County",PA,us-pa-117,0.29000556276655
Nonmetropolitan,2013,"Union County",PA,us-pa-119,0.27600289645185
Nonmetropolitan,2013,"Venango County",PA,us-pa-121,0.32100247257364
Nonmetropolitan,2013,"Warren County",PA,us-pa-123,0.29800062480475
Nonmetropolitan,2013,"Wayne County",PA,us-pa-127,0.30700418268417
Nonmetropolitan,2014,"Adams County",PA,us-pa-001,0.27200071954463
Nonmetropolitan,2014,"Bedford County",PA,us-pa-009,0.31100667951527
Nonmetropolitan,2014,"Bradford County",PA,us-pa-015,0.31100335376925
Nonmetropolitan,2014,"Cameron County",PA,us-pa-023,0.21803534303534
Nonmetropolitan,2014,"Clarion County",PA,us-pa-031,0.29400842202991
Nonmetropolitan,2014,"Clearfield County",PA,us-pa-033,0.37300527786402
Nonmetropolitan,2014,"Clinton County",PA,us-pa-035,0.28300675675676
Nonmetropolitan,2014,"Columbia County",PA,us-pa-037,0.35600561929291
Nonmetropolitan,2014,"Crawford County",PA,us-pa-039,0.33200042571954
Nonmetropolitan,2014,"Elk County",PA,us-pa-047,0.26400888669464
Nonmetropolitan,2014,"Forest County",PA,us-pa-053,0.23102891530897
Nonmetropolitan,2014,"Franklin County",PA,us-pa-055,0.31400012232523
Nonmetropolitan,2014,"Fulton County",PA,us-pa-057,0.22001071046055
Nonmetropolitan,2014,"Greene County",PA,us-pa-059,0.29700078122346
Nonmetropolitan,2014,"Huntingdon County",PA,us-pa-061,0.25300665659786
Nonmetropolitan,2014,"Indiana County",PA,us-pa-063,0.34900101692887
Nonmetropolitan,2014,"Jefferson County",PA,us-pa-065,0.28200702165009
Nonmetropolitan,2014,"Juniata County",PA,us-pa-067,0.29900651639782
Nonmetropolitan,2014,"Lawrence County",PA,us-pa-073,0.30500328683076
Nonmetropolitan,2014,"Mckean County",PA,us-pa-083,0.28500060923602
Nonmetropolitan,2014,"Mifflin County",PA,us-pa-087,0.28300059806909
Nonmetropolitan,2014,"Monroe County",PA,us-pa-089,0.29000007959819
Nonmetropolitan,2014,"Montour County",PA,us-pa-093,0.29701461522477
Nonmetropolitan,2014,"Northumberland County",PA,us-pa-097,0.35200163677283
Nonmetropolitan,2014,"Potter County",PA,us-pa-105,0.29000603864734
Nonmetropolitan,2014,"Schuylkill County",PA,us-pa-107,0.32600171547604
Nonmetropolitan,2014,"Snyder County",PA,us-pa-109,0.31100430223178
Nonmetropolitan,2014,"Somerset County",PA,us-pa-111,0.36100103589457
Nonmetropolitan,2014,"Sullivan County",PA,us-pa-113,0.22702601534718
Nonmetropolitan,2014,"Susquehanna County",PA,us-pa-115,0.27400268390875
Nonmetropolitan,2014,"Tioga County",PA,us-pa-117,0.26900675382614
Nonmetropolitan,2014,"Union County",PA,us-pa-119,0.24100170023919
Nonmetropolitan,2014,"Venango County",PA,us-pa-121,0.3070036101083
Nonmetropolitan,2014,"Warren County",PA,us-pa-123,0.3040092932718
Nonmetropolitan,2014,"Wayne County",PA,us-pa-127,0.29100682841784
Nonmetropolitan,2015,"Bedford County",PA,us-pa-009,0.29100543118294
Nonmetropolitan,2015,"Bradford County",PA,us-pa-015,0.29900517822995
Nonmetropolitan,2015,"Cameron County",PA,us-pa-023,0.25601464435146
Nonmetropolitan,2015,"Clarion County",PA,us-pa-031,0.29400059695553
Nonmetropolitan,2015,"Clearfield County",PA,us-pa-033,0.33400236494897
Nonmetropolitan,2015,"Clinton County",PA,us-pa-035,0.28900186409083
Nonmetropolitan,2015,"Crawford County",PA,us-pa-039,0.30600051820579
Nonmetropolitan,2015,"Elk County",PA,us-pa-047,0.26300387437145
Nonmetropolitan,2015,"Forest County",PA,us-pa-053,0.26200234192037
Nonmetropolitan,2015,"Fulton County",PA,us-pa-057,0.26201730134665
Nonmetropolitan,2015,"Greene County",PA,us-pa-059,0.287005030973
Nonmetropolitan,2015,"Huntingdon County",PA,us-pa-061,0.30300142925202
Nonmetropolitan,2015,"Indiana County",PA,us-pa-063,0.30300155122818
Nonmetropolitan,2015,"Jefferson County",PA,us-pa-065,0.29600188423718
Nonmetropolitan,2015,"Juniata County",PA,us-pa-067,0.28501175967501
Nonmetropolitan,2015,"Lawrence County",PA,us-pa-073,0.30500205725034
Nonmetropolitan,2015,"Mckean County",PA,us-pa-083,0.28400256105369
Nonmetropolitan,2015,"Mifflin County",PA,us-pa-087,0.314000570288
Nonmetropolitan,2015,"Northumberland County",PA,us-pa-097,0.34400383535374
Nonmetropolitan,2015,"Potter County",PA,us-pa-105,0.26801372474266
Nonmetropolitan,2015,"Schuylkill County",PA,us-pa-107,0.26700142965565
Nonmetropolitan,2015,"Snyder County",PA,us-pa-109,0.30000665646009
Nonmetropolitan,2015,"Somerset County",PA,us-pa-111,0.34600049631897
Nonmetropolitan,2015,"Sullivan County",PA,us-pa-113,0.26704119850187
Nonmetropolitan,2015,"Susquehanna County",PA,us-pa-115,0.30400318295893
Nonmetropolitan,2015,"Tioga County",PA,us-pa-117,0.33401018399925
Nonmetropolitan,2015,"Union County",PA,us-pa-119,0.28100742251686
Nonmetropolitan,2015,"Venango County",PA,us-pa-121,0.28800213209284
Nonmetropolitan,2015,"Warren County",PA,us-pa-123,0.28000126354361
Nonmetropolitan,2015,"Wayne County",PA,us-pa-127,0.28700247248752
Nonmetropolitan,2016,"Bedford County",PA,us-pa-009,0.25400409599328
Nonmetropolitan,2016,"Bradford County",PA,us-pa-015,0.30400327325193
Nonmetropolitan,2016,"Cameron County",PA,us-pa-023,0.17401637179826
Nonmetropolitan,2016,"Clarion County",PA,us-pa-031,0.27700627587128
Nonmetropolitan,2016,"Clearfield County",PA,us-pa-033,0.33700364413169
Nonmetropolitan,2016,"Clinton County",PA,us-pa-035,0.2970010552473
Nonmetropolitan,2016,"Crawford County",PA,us-pa-039,0.315
Nonmetropolitan,2016,"Elk County",PA,us-pa-047,0.23300686422233
Nonmetropolitan,2016,"Forest County",PA,us-pa-053,0.21402961808262
Nonmetropolitan,2016,"Fulton County",PA,us-pa-057,0.20501461858776
Nonmetropolitan,2016,"Greene County",PA,us-pa-059,0.25900721959308
Nonmetropolitan,2016,"Huntingdon County",PA,us-pa-061,0.29400522750906
Nonmetropolitan,2016,"Indiana County",PA,us-pa-063,0.25200346710056
Nonmetropolitan,2016,"Jefferson County",PA,us-pa-065,0.2640002375438
Nonmetropolitan,2016,"Juniata County",PA,us-pa-067,0.2270071413114
Nonmetropolitan,2016,"Lawrence County",PA,us-pa-073,0.30400176873756
Nonmetropolitan,2016,"Mckean County",PA,us-pa-083,0.28800699409873
Nonmetropolitan,2016,"Mifflin County",PA,us-pa-087,0.33800480494223
Nonmetropolitan,2016,"Northumberland County",PA,us-pa-097,0.36900267313363
Nonmetropolitan,2016,"Potter County",PA,us-pa-105,0.22700467182354
Nonmetropolitan,2016,"Schuylkill County",PA,us-pa-107,0.24500102065269
Nonmetropolitan,2016,"Snyder County",PA,us-pa-109,0.27400251439158
Nonmetropolitan,2016,"Somerset County",PA,us-pa-111,0.35100441777111
Nonmetropolitan,2016,"Sullivan County",PA,us-pa-113,0.195
Nonmetropolitan,2016,"Susquehanna County",PA,us-pa-115,0.26500368188513
Nonmetropolitan,2016,"Tioga County",PA,us-pa-117,0.30500658761528
Nonmetropolitan,2016,"Union County",PA,us-pa-119,0.26800147471711
Nonmetropolitan,2016,"Venango County",PA,us-pa-121,0.33700779703273
Nonmetropolitan,2016,"Warren County",PA,us-pa-123,0.27300779386035
Nonmetropolitan,2016,"Wayne County",PA,us-pa-127,0.23100529861661
Nonmetropolitan,2017,"Bedford County",PA,us-pa-009,0.29300203107278
Nonmetropolitan,2017,"Bradford County",PA,us-pa-015,0.36600008638189
Nonmetropolitan,2017,"Cameron County",PA,us-pa-023,0.21704180064309
Nonmetropolitan,2017,"Clarion County",PA,us-pa-031,0.2460030771289
Nonmetropolitan,2017,"Clearfield County",PA,us-pa-033,0.36000440584089
Nonmetropolitan,2017,"Clinton County",PA,us-pa-035,0.3050020472226
Nonmetropolitan,2017,"Crawford County",PA,us-pa-039,0.34900531417982
Nonmetropolitan,2017,"Elk County",PA,us-pa-047,0.25900370245709
Nonmetropolitan,2017,"Forest County",PA,us-pa-053,0.21303258145363
Nonmetropolitan,2017,"Fulton County",PA,us-pa-057,0.23501731332682
Nonmetropolitan,2017,"Greene County",PA,us-pa-059,0.2720058728938
Nonmetropolitan,2017,"Huntingdon County",PA,us-pa-061,0.22700625508401
Nonmetropolitan,2017,"Indiana County",PA,us-pa-063,0.2870036652413
Nonmetropolitan,2017,"Jefferson County",PA,us-pa-065,0.32200208550574
Nonmetropolitan,2017,"Juniata County",PA,us-pa-067,0.22900393255401
Nonmetropolitan,2017,"Lawrence County",PA,us-pa-073,0.35300154688244
Nonmetropolitan,2017,"Mckean County",PA,us-pa-083,0.29000563239252
Nonmetropolitan,2017,"Mifflin County",PA,us-pa-087,0.28100305252047
Nonmetropolitan,2017,"Northumberland County",PA,us-pa-097,0.33600322612045
Nonmetropolitan,2017,"Potter County",PA,us-pa-105,0.24000922225638
Nonmetropolitan,2017,"Schuylkill County",PA,us-pa-107,0.30300210281419
Nonmetropolitan,2017,"Snyder County",PA,us-pa-109,0.29800646907387
Nonmetropolitan,2017,"Somerset County",PA,us-pa-111,0.32500461463595
Nonmetropolitan,2017,"Sullivan County",PA,us-pa-113,0.24302259350674
Nonmetropolitan,2017,"Susquehanna County",PA,us-pa-115,0.29400881872283
Nonmetropolitan,2017,"Tioga County",PA,us-pa-117,0.29800692965447
Nonmetropolitan,2017,"Union County",PA,us-pa-119,0.26500072642743
Nonmetropolitan,2017,"Venango County",PA,us-pa-121,0.2920059215396
Nonmetropolitan,2017,"Warren County",PA,us-pa-123,0.29400815173786
Nonmetropolitan,2017,"Wayne County",PA,us-pa-127,0.27700026406126
Nonmetropolitan,2018,"Bedford County",PA,us-pa-009,0.29400453084664
Nonmetropolitan,2018,"Bradford County",PA,us-pa-015,0.36600375720671
Nonmetropolitan,2018,"Cameron County",PA,us-pa-023,0.18004280363831
Nonmetropolitan,2018,"Clarion County",PA,us-pa-031,0.2690060432039
Nonmetropolitan,2018,"Clearfield County",PA,us-pa-033,0.35700014159181
Nonmetropolitan,2018,"Clinton County",PA,us-pa-035,0.34001023716089
Nonmetropolitan,2018,"Crawford County",PA,us-pa-039,0.33800401218971
Nonmetropolitan,2018,"Elk County",PA,us-pa-047,0.25900702064153
Nonmetropolitan,2018,"Forest County",PA,us-pa-053,0.19002189552706
Nonmetropolitan,2018,"Fulton County",PA,us-pa-057,0.18201133144476
Nonmetropolitan,2018,"Greene County",PA,us-pa-059,0.26900748408757
Nonmetropolitan,2018,"Huntingdon County",PA,us-pa-061,0.21600044819183
Nonmetropolitan,2018,"Indiana County",PA,us-pa-063,0.23300122624157
Nonmetropolitan,2018,"Jefferson County",PA,us-pa-065,0.28700393278513
Nonmetropolitan,2018,"Juniata County",PA,us-pa-067,0.19400409791869
Nonmetropolitan,2018,"Lawrence County",PA,us-pa-073,0.33000445831476
Nonmetropolitan,2018,"Mckean County",PA,us-pa-083,0.32700250312891
Nonmetropolitan,2018,"Mifflin County",PA,us-pa-087,0.23100589693189
Nonmetropolitan,2018,"Northumberland County",PA,us-pa-097,0.35100018046282
Nonmetropolitan,2018,"Potter County",PA,us-pa-105,0.22901466861224
Nonmetropolitan,2018,"Schuylkill County",PA,us-pa-107,0.33200092999964
Nonmetropolitan,2018,"Snyder County",PA,us-pa-109,0.27600184550488
Nonmetropolitan,2018,"Somerset County",PA,us-pa-111,0.34600473289361
Nonmetropolitan,2018,"Sullivan County",PA,us-pa-113,0.19601518026565
Nonmetropolitan,2018,"Susquehanna County",PA,us-pa-115,0.28800443937479
Nonmetropolitan,2018,"Tioga County",PA,us-pa-117,0.30400710682446
Nonmetropolitan,2018,"Union County",PA,us-pa-119,0.25
Nonmetropolitan,2018,"Venango County",PA,us-pa-121,0.2880035501208
Nonmetropolitan,2018,"Warren County",PA,us-pa-123,0.31000769329401
Nonmetropolitan,2018,"Wayne County",PA,us-pa-127,0.257002633469
Nonmetropolitan,2019,"Bedford County",PA,us-pa-009,0.25100592969081
Nonmetropolitan,2019,"Bradford County",PA,us-pa-015,0.34600578524979
Nonmetropolitan,2019,"Cameron County",PA,us-pa-023,0.26001681143177
Nonmetropolitan,2019,"Clarion County",PA,us-pa-031,0.27600175539277
Nonmetropolitan,2019,"Clearfield County",PA,us-pa-033,0.32600311678499
Nonmetropolitan,2019,"Clinton County",PA,us-pa-035,0.24800735744942
Nonmetropolitan,2019,"Crawford County",PA,us-pa-039,0.25800286669852
Nonmetropolitan,2019,"Elk County",PA,us-pa-047,0.31300072061379
Nonmetropolitan,2019,"Forest County",PA,us-pa-053,0.21301121111637
Nonmetropolitan,2019,"Fulton County",PA,us-pa-057,0.28900615655233
Nonmetropolitan,2019,"Greene County",PA,us-pa-059,0.33700832207127
Nonmetropolitan,2019,"Huntingdon County",PA,us-pa-061,0.23500250654487
Nonmetropolitan,2019,"Indiana County",PA,us-pa-063,0.22500038633308
Nonmetropolitan,2019,"Jefferson County",PA,us-pa-065,0.3220033629594
Nonmetropolitan,2019,"Juniata County",PA,us-pa-067,0.25600085726532
Nonmetropolitan,2019,"Lawrence County",PA,us-pa-073,0.2770008120545
Nonmetropolitan,2019,"Mckean County",PA,us-pa-083,0.2890072052541
Nonmetropolitan,2019,"Mifflin County",PA,us-pa-087,0.33000171340453
Nonmetropolitan,2019,"Northumberland County",PA,us-pa-097,0.36100072759837
Nonmetropolitan,2019,"Potter County",PA,us-pa-105,0.22900644760351
Nonmetropolitan,2019,"Schuylkill County",PA,us-pa-107,0.29300172051922
Nonmetropolitan,2019,"Snyder County",PA,us-pa-109,0.27900369978858
Nonmetropolitan,2019,"Somerset County",PA,us-pa-111,0.37700032174487
Nonmetropolitan,2019,"Sullivan County",PA,us-pa-113,0.21803652968037
Nonmetropolitan,2019,"Susquehanna County",PA,us-pa-115,0.30500716198543
Nonmetropolitan,2019,"Tioga County",PA,us-pa-117,0.29700575937888
Nonmetropolitan,2019,"Union County",PA,us-pa-119,0.30200224067105
Nonmetropolitan,2019,"Venango County",PA,us-pa-121,0.29000450472997
Nonmetropolitan,2019,"Warren County",PA,us-pa-123,0.28300055014401
Nonmetropolitan,2019,"Wayne County",PA,us-pa-127,0.26700413517753
Nonmetropolitan,2020,"Bedford County",PA,us-pa-009,0.26000530082163
Nonmetropolitan,2020,"Bradford County",PA,us-pa-015,0.34200330837541
Nonmetropolitan,2020,"Cameron County",PA,us-pa-023,0.21200910643142
Nonmetropolitan,2020,"Clarion County",PA,us-pa-031,0.31000474479767
Nonmetropolitan,2020,"Clearfield County",PA,us-pa-033,0.30200417933131
Nonmetropolitan,2020,"Clinton County",PA,us-pa-035,0.28000553097345
Nonmetropolitan,2020,"Crawford County",PA,us-pa-039,0.23200260764288
Nonmetropolitan,2020,"Elk County",PA,us-pa-047,0.23900606267612
Nonmetropolitan,2020,"Forest County",PA,us-pa-053,0.18801589727912
Nonmetropolitan,2020,"Fulton County",PA,us-pa-057,0.28
Nonmetropolitan,2020,"Greene County",PA,us-pa-059,0.33300974364506
Nonmetropolitan,2020,"Huntingdon County",PA,us-pa-061,0.22900440230274
Nonmetropolitan,2020,"Indiana County",PA,us-pa-063,0.2280023596622
Nonmetropolitan,2020,"Jefferson County",PA,us-pa-065,0.3390076937057
Nonmetropolitan,2020,"Juniata County",PA,us-pa-067,0.20800901819743
Nonmetropolitan,2020,"Lawrence County",PA,us-pa-073,0.31500415313751
Nonmetropolitan,2020,"Mckean County",PA,us-pa-083,0.2930070600262
Nonmetropolitan,2020,"Mifflin County",PA,us-pa-087,0.26000574217628
Nonmetropolitan,2020,"Northumberland County",PA,us-pa-097,0.34100356503727
Nonmetropolitan,2020,"Potter County",PA,us-pa-105,0.196012771591
Nonmetropolitan,2020,"Schuylkill County",PA,us-pa-107,0.31100048963604
Nonmetropolitan,2020,"Snyder County",PA,us-pa-109,0.3350102601443
Nonmetropolitan,2020,"Somerset County",PA,us-pa-111,0.34400095480043
Nonmetropolitan,2020,"Sullivan County",PA,us-pa-113,0.18002300613497
Nonmetropolitan,2020,"Susquehanna County",PA,us-pa-115,0.30900289199044
Nonmetropolitan,2020,"Tioga County",PA,us-pa-117,0.27600523777586
Nonmetropolitan,2020,"Union County",PA,us-pa-119,0.30000583498658
Nonmetropolitan,2020,"Venango County",PA,us-pa-121,0.31600471686278
Nonmetropolitan,2020,"Warren County",PA,us-pa-123,0.28000781962726
Nonmetropolitan,2020,"Wayne County",PA,us-pa-127,0.20900489706651
Nonmetropolitan,2021,"Bedford County",PA,us-pa-009,0.25
Nonmetropolitan,2021,"Bradford County",PA,us-pa-015,0.37200079317866
Nonmetropolitan,2021,"Cameron County",PA,us-pa-023,0.19900634833011
Nonmetropolitan,2021,"Clarion County",PA,us-pa-031,0.24900741365377
Nonmetropolitan,2021,"Clearfield County",PA,us-pa-033,0.29900228804458
Nonmetropolitan,2021,"Clinton County",PA,us-pa-035,0.29500560381059
Nonmetropolitan,2021,"Crawford County",PA,us-pa-039,0.31600463630098
Nonmetropolitan,2021,"Elk County",PA,us-pa-047,0.2250030873091
Nonmetropolitan,2021,"Forest County",PA,us-pa-053,0.17302452316076
Nonmetropolitan,2021,"Fulton County",PA,us-pa-057,0.245
Nonmetropolitan,2021,"Greene County",PA,us-pa-059,0.26900373012711
Nonmetropolitan,2021,"Huntingdon County",PA,us-pa-061,0.25300582513128
Nonmetropolitan,2021,"Indiana County",PA,us-pa-063,0.30200414651002
Nonmetropolitan,2021,"Jefferson County",PA,us-pa-065,0.32500740740741
Nonmetropolitan,2021,"Juniata County",PA,us-pa-067,0.19100615784419
Nonmetropolitan,2021,"Lawrence County",PA,us-pa-073,0.30900122188532
Nonmetropolitan,2021,"Mckean County",PA,us-pa-083,0.29700439958592
Nonmetropolitan,2021,"Mifflin County",PA,us-pa-087,0.20500014351732
Nonmetropolitan,2021,"Northumberland County",PA,us-pa-097,0.35500446827525
Nonmetropolitan,2021,"Potter County",PA,us-pa-105,0.28601963267891
Nonmetropolitan,2021,"Schuylkill County",PA,us-pa-107,0.34200025052341
Nonmetropolitan,2021,"Snyder County",PA,us-pa-109,0.31800882422283
Nonmetropolitan,2021,"Somerset County",PA,us-pa-111,0.32100293284961
Nonmetropolitan,2021,"Sullivan County",PA,us-pa-113,0.18300526213214
Nonmetropolitan,2021,"Susquehanna County",PA,us-pa-115,0.2740022281932
Nonmetropolitan,2021,"Tioga County",PA,us-pa-117,0.3100053639605
Nonmetropolitan,2021,"Union County",PA,us-pa-119,0.25600438342821
Nonmetropolitan,2021,"Venango County",PA,us-pa-121,0.26600511353568
Nonmetropolitan,2021,"Warren County",PA,us-pa-123,0.3080060170483
Nonmetropolitan,2021,"Wayne County",PA,us-pa-127,0.19500272880431
